Art,257
I,243
II,232
III,168
União,157
Estados,140
Distrito Federal,137
Municípios,133
República,121
Presidente,114
IV,111
Estado,79
V,78
Congresso Nacional,71
Constituição,66
VI,64
VII,54
Ministério Público,52
Parágrafo,50
Deputados,46
Senado Federal,44
VIII,39
XI,38
Vereadores,37
Vice,35
Câmara,34
País,32
Territórios,32
X,31
Supremo Tribunal Federal,30
Compete,29
IX,28
Revogado,26
Lei,24
XII,23
Poder Judiciário,22
Poder Executivo,20
A União,19
Se,19
Procurador,18
Nacional,18
Federal,16
XIII,16
Casa,16
Prefeito,16
Superior Tribunal de Justiça,15
Tribunal Federal,15
XIV,15
XV,14
Município,14
Senadores,13
Governador,13
Tribunal,13
Tribunal de Justiça,13
Tribunais Superiores,13
República Federativa do Brasil,13
O Presidente,12
Justiça do Trabalho,11
Justiça,11
Poderes,11
Deputados Estaduais,11
Ministros,11
Seção II,11
Ministros de Estado,11
Seção I,11
Justiça Eleitoral,10
Forças Armadas,10
XIX,10
XVII,10
Tribunal de Contas,10
Tribunais Regionais Federais,10
XVIII,9
Presidente do Senado,9
Exército,9
XVI,9
Seção III,9
Ministros do Supremo,9
Justiça Militar,9
Poder Legislativo,9
Casas,9
Conselho Nacional de Justiça,8
Federação,8
XXII,8
XXV,8
Casas do Congresso,8
Os Estados,8
Ordem,8
Tribunais,8
Ministro de Estado,8
O Estado,8
XXI,8
Tribunais de Contas,8
Marinha,8
Advogados do Brasil,8
Aeronáutica,8
Ministro,7
Território,7
Cabe,7
Capítulo II,7
XX,7
Assembléia Legislativa,7
Capítulo I,7
Tribunal Superior do Trabalho,7
Câmara Municipal,7
XXIV,6
Em,6
Justiça Federal,6
Capítulo III,6
Capítulo IV,6
Mesa,6
Seção IV,6
Defensoria Pública,6
XXIII,6
Conselho de Defesa,6
Senador,5
Aplica,5
Contas,5
Advogado,5
O Congresso Nacional,5
Nos,5
Comandantes,5
Tribunais Regionais do Trabalho,5
Judiciário,5
Tribunal Regional Federal,5
Tribunais de Justiça,5
Social,5
Banco Central,5
Conselho Nacional do Ministério Público,5
Governador de Estado,4
Dos Tribunais,4
Leis,4
Presidente do Supremo,4
Ministério Público do Trabalho,4
Ministério,4
Os Tribunais Regionais,4
Magistratura,4
XXXIII,4
Disposições Gerais,4
Estatuto,4
Deputado,4
Federais,4
Executivo,4
O Ministério Público,4
Os Deputados,4
Mesas,4
Seção,4
XXVI,4
Tribunal Superior Eleitoral,4
Território Federal,4
Constituição Federal,4
Seção V,4
XXVII,4
O Supremo Tribunal,4
Conselho Federal,3
Público,3
Eleitoral,3
Estaduais,3
XXIX,3
Nas,3
Capital Federal,3
Os Municípios,3
Programa de Integração,3
Constituem,3
Tribunais Regionais Eleitorais,3
Revogada,3
Seção VI,3
Do,3
Deputados Federais,3
Assembléias Legislativas,3
Governadores,3
Fundo de Participação,3
Conselhos,3
Defensoria Pública do Distrito Federal,3
Tesouro Nacional,3
Juízes do Trabalho,3
Juntas Eleitorais,3
Programa de Formação,3
XXVIII,3
Gerais,3
Dos Impostos,3
Ministérios,3
XXX,3
Silva,3
Capítulo V,3
Secretário,3
Juízes Militares,3
O Conselho,3
Ministério Público Federal,3
Relator Adjunto,3
Patrimônio do Servidor,3
Câmaras,3
Suplente de Secretário,3
Juízes Federais,3
Os Ministros do Tribunal,3
Juízes Eleitorais,3
Subseção II,2
Câmaras Municipais,2
Os Ministros de Estado,2
Procuradores,2
Aperfeiçoamento de Magistrados,2
Do Conselho,2
Financeira,2
Governadores de Estado,2
Militar,2
Fazenda Pública,2
Capítulo VI,2
Aplicam,2
Pertencem,2
Veiga,2
Ministérios Públicos,2
Ocorrendo,2
Distrital,2
Vereador,2
Capítulo VII,2
Incluem,2
Constitui,2
XXXI,2
Cada Estado,2
Procuradoria,2
Brasil,2
O Tribunal de Contas,2
Seção VII,2
A Constituição,2
Casa do Congresso,2
Tribunal Regional do Trabalho,2
Poderes Legislativo,2
Somente,2
Escola Nacional de Formação,2
Perderá,2
Brasília,2
A Advocacia,2
Ficam,2
Dos Direitos,2
Mata,2
Seção VIII,2
Governo,2
Do Distrito Federal,2
Ministros do Tribunal,2
Decorrido,2
Da Educação,2
Presidência,2
Subseção I,2
Nordeste,2
Governador de Território,2
Distritais,2
Legislativo,2
LXXIV,2
Constituições,2
Casas Legislativas,2
Lei Orgânica,2
Reis,2
O Tribunal de Justiça,2
XXXIV,2
Defesa,2
XXXII,2
Prefeitos,2
A Mesa do Congresso Nacional,2
O Tribunal Superior,2
Os Procuradores,2
Tribunal Superior,2
O Poder Executivo,2
Câmara Legislativa,2
Funcionarão,2
Dos Princípios Gerais,2
Municipais,2
Tribunais Eleitorais,2
Do Estado de Defesa,2
A Câmara,2
Corregedor,2
Capítulo,2
Nos Territórios Federais,2
Caberá,2
Lei Complementar,2
Presidentes,2
Juízes,2
LXVIII,1
Jorge Uequed,1
Hélio Manhães,1
À Justiça Militar,1
Israel Pinheiro,1
LXXI,1
Da Família,1
As Mesas,1
Osmir Lima,1
Das Funções Essenciais,1
Rodrigues Palma,1
Ávila,1
Presidentes do Supremo,1
Júlio Campos,1
Guilherme Palmeira,1
Edme Tavares,1
Márcio Braga,1
As Constituições,1
Daso Coimbra,1
Ivo Lech,1
Ministério Público do Distrito Federal,1
Seções II,1
José Mendonça Bezerra,1
Dos Direitos Políticos,1
Roberto Augusto,1
Henrique Córdova,1
Etevaldo Nogueira,1
LXIII,1
Arolde de Oliveira,1
José Fogaça,1
Aluizio Bezerra,1
Hugo Napoleão,1
Roberto Torres,1
João Herrmann Neto,1
Secretários Municipais,1
Pompeu de Sousa,1
Mendes Ribeiro,1
João Cunha,1
Rubem Branquinho,1
Paulo Delgado,1
Gumercindo Milhomem,1
Marcondes Gadelha,1
Fernando Gomes,1
Paulo Almada,1
Bernardo Cabral,1
Da Emenda,1
Do Sistema Tributário,1
As Forças Armadas,1
Mauro Fecury,1
Bosco França,1
Nelton Friedrich,1
José Carlos Sabóia,1
Carli,1
Renan Calheiros,1
Advocacia,1
Relações Exteriores,1
Antonio Ueno,1
Incumbe,1
LXXV,1
Fundado,1
Fausto Fernandes,1
Coletivos,1
Às Defensorias Públicas,1
Paulo Roberto,1
Orçamento,1
Francisco Sales,1
Fazenda Nacional,1
Rejeitado,1
Maurílio Ferreira Lima,1
Chagas Neto,1
Nelson Sabrá,1
Anna Maria Rattes,1
Márcia Kubitschek,1
O Distrito Federal,1
Francisco Küster,1
Vivaldo Barbosa,1
O Ministro do Superior Tribunal,1
Ottomar Pinto,1
Pimenta,1
Medida,1
Prefeitura,1
Lídice,1
Virgílio Galassi,1
São Poderes,1
Celso Dourado,1
Hélio Costa,1
Antônio Carlos Franco,1
Arnaldo Moraes,1
Relator Geral,1
Antônio Câmara,1
Deputado Estadual,1
Maria de Lourdes,1
Osvaldo Macedo,1
Ronaro Corrêa,1
Vladimir Palmeira,1
Esgotado,1
Os Ministros do Superior Tribunal,1
Genebaldo Correia,1
Câmara Territorial,1
Nas Varas do Trabalho,1
Gilson Machado,1
Vasco Alves,1
Pedro Ceolin,1
Mário de Oliveira,1
Antônio de Jesus,1
José Moura,1
Jovanni Masini,1
Michel Temer,1
Manuel Viana,1
Os Poderes Executivo,1
Mansueto de Lavor,1
Mozarildo Cavalcanti,1
LXXVI,1
Maurício Campos,1
Da Saúde,1
Maurício Nasser,1
Prorrogar,1
Governadores de Territórios,1
José Maranhão,1
Lélio Souza,1
Cunha Bueno,1
Geraldo Melo,1
Título VI,1
Nelson Wedekin,1
Dos Deputados,1
Os Ministros do Supremo Tribunal,1
Secretários de Estado,1
Cessados,1
Plínio Arruda Sampaio,1
Decretado,1
Jofran Frejat,1
Alcides Saldanha,1
Da Previdência Social,1
Floriceno Paixão,1
Arnaldo Prieto,1
Cleonâncio Fonseca,1
Dos Direitos Sociais,1
Do Supremo Tribunal,1
Jovem,1
Paulo Silva,1
Iturival Nascimento,1
Nivaldo Machado,1
Fábio Raunheitti,1
João Calmon,1
Harlan Gadelha,1
Dos Municípios,1
Ronaldo Cezar Coelho,1
Da Nacionalidade,1
Rose de Freitas,1
Competem,1
LXIV,1
Tecnologia,1
Inexistindo,1
Amaury Müller,1
O Brasil,1
Ao Ministério Público,1
Márcio Lacerda,1
Samir Achôa,1
Darcy Deitos,1
Estado Democrático,1
Da Câmara,1
Iram Saraiva,1
Fábio Lucena,1
Narciso Mendes,1
Extinto,1
José Carlos Grecco,1
Luís Eduardo,1
Ivo Vanderlinde,1
Fazenda,1
Carlos Alberto Caó,1
Alércio Dias,1
Pantanal Mato,1
Leopoldo Peres,1
Chico Humberto,1
Os Ministros,1
Oscar Corrêa,1
Carlos Chiarelli,1
Álvaro Dias,1
José Dutra,1
Cada Território,1
Annibal Barcellos,1
Do Meio Ambiente,1
Maria Lúcia,1
Idoso,1
Banco Nacional de Desenvolvimento Econômico,1
Wilson Campos,1
LI,1
LV,1
Mário Covas,1
Ricardo Fiuza,1
Feres Nader,1
Luiz Marques,1
Edmilson Valentim,1
Abadia,1
José Carlos Coutinho,1
Beth Azize,1
Plano Nacional de Cultura,1
O Banco Central,1
Oswaldo Lima Filho,1
Adolescente,1
Ubiratan Aguiar,1
Mauro Miranda,1
Carlos Mosconi,1
Geraldo Fleming,1
Amaral Netto,1
Da Política Urbana,1
Da Seguridade Social,1
LXII,1
LII,1
Vieira,1
João Castelo,1
Da Organização,1
Aos Deputados Distritais,1
Dos Orçamentos,1
Jayme Paliarin,1
LXVI,1
Átila Lira,1
Pátria,1
Chagas Rodrigues,1
Haroldo Lima,1
Luiz Leal,1
Antonio Mariz,1
Valter Pereira,1
Conselho Superior,1
Henrique Eduardo Alves,1
Áureo Mello,1
Título I,1
XLVI,1
Louremberg Nunes Rocha,1
Joaquim Sucena,1
Airton Cordeiro,1
Gil César,1
Rio de Janeiro,1
Gonzaga Patriota,1
Aldo Arantes,1
LIV,1
Edivaldo Motta,1
José Thomaz Nonô,1
Nyder Barbosa,1
LIX,1
Título V,1
Osmar Leitão,1
Secretarias,1
Da Ciência,1
Cabem,1
Ministro do Planejamento,1
Planos de Carreira,1
Alceni Guerra,1
Da Tributação,1
Da Organização Político,1
Geraldo Bulhões,1
Adhemar de Barros,1
Siqueira Campos,1
Ervin Bonkoski,1
José Fernandes,1
Raimundo Bezerra,1
União com Estado,1
Messias Soares,1
Humberto Souto,1
Gabriel Guerreiro,1
Fernando Henrique Cardoso,1
Denisar Arneiro,1
Carlos Sant,1
Os Ministérios Públicos,1
José Tavares,1
Affonso Camargo,1
Silveira,1
Dos Territórios,1
Das Atribuições do Congresso Nacional,1
Raquel Capiberibe,1
Nilso Sguarezi,1
LVIII,1
Marcelo Cordeiro,1
José Mendonça de Morais,1
LX,1
Fernando Velasco,1
Solicitada,1
Disposição Geral,1
Francisco Diógenes,1
Da Ordem Econômica,1
Haroldo Sabóia,1
Dos Índios,1
Renato Bernardi,1
XLII,1
Presidente do Tribunal,1
Borges,1
Naphtali Alves de Souza,1
Evaldo Gonçalves,1
XXXVIII,1
Ruben Figueiró,1
Álvaro Pacheco,1
Do Sistema Financeiro,1
XLIX,1
XLV,1
Jalles Fontoura,1
LXX,1
Luiz Viana Neto,1
João Paulo,1
Os Poderes Legislativo,1
Fausto Rocha,1
XXXV,1
Francisco Amaral,1
Antônio Salim Curiati,1
Prestará,1
Governo do Distrito,1
Miro Teixeira,1
José Viana,1
Instituições Democráticas,1
Noel de Carvalho,1
Tito Costa,1
Admitida,1
João Alves,1
Hilário Braun,1
Ismael Wanderley,1
Eraldo Tinoco,1
Wilma Maia,1
Albano Franco,1
Salatiel Carvalho,1
Lei Orçamentária,1
Myrian Portella,1
Do Presidente,1
José Carlos Vasconcelos,1
José Serra,1
Robson Marinho,1
Do Congresso Nacional,1
Cássio Cunha Lima,1
Manoel Moreira,1
Dos Ministros de Estado,1
Ronaldo Aragão,1
Emenda Constitucional,1
João,1
Genésio Bernardino,1
Bocayuva Cunha,1
Plínio Martins,1
Antonio Carlos Mendes,1
João de Deus,1
Antero de Barros,1
Deputados Distritais,1
Sandra Cavalcanti,1
Humberto Lucena,1
José Elias,1
A Defensoria Pública,1
Odacir Soares,1
Alexandre Costa,1
Mattos Leão,1
Do Senado Federal,1
João Rezek,1
Recebida,1
Benedicto Monteiro,1
Ao Distrito Federal,1
Mata Atlântica,1
Roberto Freire,1
Disposição,1
Centro,1
José Jorge,1
Ruy Nedel,1
Ressalvadas,1
Osvaldo Sobrinho,1
Jairo Azi,1
Ubiratan Spinelli,1
Do Poder Legislativo,1
Das Regiões,1
Euclides Scalco,1
Sólon Borges,1
XL,1
Conselho de Comunicação,1
Hélio Rosas,1
Fazendas,1
Haverá,1
Meira Filho,1
Poder Legislativo Municipal,1
Antônio Carlos Konder,1
Antonio Ferreira,1
Roberto D,1
Mauro Sampaio,1
Dos Tribunais Regionais,1
Da Advocacia,1
Júlio Costamilan,1
Fundiária,1
Mário Lima,1
Lézio Sathler,1
Joaci Góes,1
Delfim Netto,1
Joaquim Bevilácqua,1
XXXVII,1
O Município,1
Aécio Neves,1
Estado de Sítio,1
Jonival Lucas,1
Ronaldo Carvalho,1
Lima,1
Severo Gomes,1
Junto,1
José Yunes,1
Jesualdo Cavalcanti,1
Do Desporto,1
Da Comunicação Social,1
Lourival Baptista,1
Sérgio Spada,1
Incidirá,1
Gustavo de Faria,1
Assembléia Legislativa do Estado,1
Dirce Tutu Quadros,1
Administrativa,1
Cid Sabóia de Carvalho,1
Distritos,1
Jorge Bornhausen,1
Álvaro Antônio,1
Chagas Duarte,1
Subseção III,1
Florestan Fernandes,1
Horácio Ferraz,1
Alair Ferreira,1
Criança,1
Entende,1
Do Estado de Sítio,1
Joaquim Hayckel,1
Afonso Sancho,1
Luiz Salomão,1
Atividade Econômica,1
Juarez Antunes,1
Aloisio Vasconcelos,1
Luiz Freire,1
Sistema Tributário Nacional,1
Victor Fontana,1
Waldyr Pugliesi,1
Marcelo Miranda,1
Orlando Pacheco,1
Inocêncio Oliveira,1
Eliel Rodrigues,1
Ziza Valadares,1
O Conselho de Defesa Nacional,1
Christóvam Chiaradia,1
Sérgio Naya,1
João Menezes,1
Francisco Benjamim,1
Afif Domingos,1
Hélio Gueiros,1
Dos Partidos Políticos,1
Milton Lima,1
Renato Johnsson,1
Salvo,1
José Camargo,1
José Ignácio Ferreira,1
Paes de Andrade,1
João Lobo,1
Acival Gomes,1
Constituição do Estado,1
Comandante,1
Brandão Monteiro,1
Luiz Alberto Rodrigues,1
Receitas Tributárias,1
Leur Lomanto,1
Fernando Lyra,1
Airton Sandoval,1
Das Finanças Públicas,1
Ao Poder Judiciário,1
Moema São Thiago,1
Ralph Biasi,1
Nelson Jobim,1
Heráclito Fortes,1
Polícias Militares,1
José Santana de Vasconcellos,1
O Poder Judiciário,1
Francisco Dornelles,1
Pedro Canedo,1
Del Bosco Amaral,1
Secretário de Estado,1
Saulo Queiroz,1
Domingos Juvenil,1
Excetuam,1
Leite Chaves,1
Jairo Carneiro,1
Carlos Cardinal,1
Koyu Iha,1
Vinicius Cansanção,1
Renato Vianna,1
Hermes Zaneti,1
Telmo Kirst,1
Título III,1
José Richa,1
Da Defesa do Estado,1
Expedito Júnior,1
Rospide Netto,1
José Tinoco,1
Ministério Público Militar,1
Asdrubal Bentes,1
Francisco Rollemberg,1
Célio de Castro,1
Os Territórios,1
Olavo Pires,1
Invalidada,1
Das Comissões,1
Lúcio Alcântara,1
Jacy Scanagatta,1
José Luiz de Sá,1
Victor Faccioni,1
Assis Canuto,1
Conselhos de Justiça,1
Luiz Gushiken,1
A Câmara Municipal,1
Assembléia Nacional Constituinte,1
Raimundo Rezende,1
Vitor Buaiz,1
LXV,1
Carlos Benevides,1
Paulo Zarzur,1
José Geraldo,1
Messias Góis,1
Da Repartição,1
Declarada,1
Do Processo Legislativo,1
Bete Mendes,1
Tributar,1
Jarbas Passarinho,1
Tadeu França,1
Jorge Arbage,1
Das Reuniões,1
LXI,1
Francisco Dias,1
Arnaldo Faria de Sá,1
A Floresta Amazônica,1
Eduardo Bonfim,1
Mário Maia,1
Paulo Pimentel,1
Stélio Dias,1
Ézio Ferreira,1
Vicente Bogo,1
Djenal Gonçalves,1
Superior Tribunal Militar,1
Deveres Individuais,1
L,1
Da Política Agrícola,1
Mesa de Assembléia,1
Sigmaringa Seixas,1
Paulo Ramos,1
PARTICIPANTES,1
Milton Barbosa,1
Anna,1
Gerson Peres,1
Aécio de Borba,1
Geraldo Campos,1
Irma Passoni,1
Luiz Henrique,1
Título IV,1
Sarney Filho,1
Moysés Pimentel,1
Oswaldo Trevisan,1
Maguito Vilela,1
Mello Reis,1
Título IX,1
Fadah Gattass,1
Agripino de Oliveira,1
Augusto Carvalho,1
Thame,1
Davi Alves Silva,1
Maurício Fruet,1
Albérico Filho,1
Título II,1
Manoel Ribeiro,1
José Melo,1
Roberto Vital,1
Bezerra de Melo,1
Ibsen Pinheiro,1
Raul Ferraz,1
Jesus Tajra,1
Caio Pompeu,1
Roberto Jefferson,1
Iberê Ferreira,1
Dos Militares,1
Legislativa,1
Mauro Borges,1
Eleitorais,1
Enoc Vieira,1
Simão Sessim,1
José Queiroz,1
Adroaldo Streck,1
Paulo Mincarone,1
Percival Muniz,1
Rubem Medina,1
Tidei de Lima,1
Deus,1
Carlos Virgílio,1
Francisco Pinto,1
José Lins,1
Estadual,1
Dos Estados Federados,1
Garantias Fundamentais,1
Itamar Franco,1
Seção IX,1
Virgílio Távora,1
Esse,1
Francisco Coelho,1
Gastone Righi,1
Governo do Território,1
Título VIII,1
Prefeito Municipal,1
Onofre Corrêa,1
Paulo Roberto Cunha,1
Tribunal Penal Internacional,1
Marluce Pinto,1
Oswaldo Almeida,1
Virgílio Guimarães,1
Francisco Carneiro,1
Joaquim Francisco,1
Paulo Macarini,1
Carlos De,1
Corpos de Bombeiros,1
João Natal,1
Aprovado,1
Irapuan Costa Júnior,1
XLIII,1
Paes Landim,1
Antônio Britto,1
Antonio Gaspar,1
Fernando Santana,1
Os Territórios Federais,1
Jutahy Magalhães,1
LXXVIII,1
Agassiz Almeida,1
Milton Reis,1
Alysson Paulinelli,1
Mesa do Senado,1
Valmir Campelo,1
Cultura,1
O Senado Federal,1
Normas Gerais,1
Jorge Vianna,1
Távola,1
Fábio Feldmann,1
Eliézer Moreira,1
CONSTITUIÇÃO DA REPÚBLICA FEDERATIVA DO BRASIL,1
Ivan Bonato,1
Dos Servidores Públicos,1
Entendendo,1
B,1
Ângelo Magalhães,1
Theodoro Mendes,1
Chefe do Poder,1
Bonifácio de Andrada,1
XLVII,1
Rita Furtado,1
Furtado Leite,1
José Egreja,1
Gidel Dantas,1
XLVIII,1
Da Fiscalização Contábil,1
Nelson Carneiro,1
Mário Assad,1
Rachid Saldanha Derzi,1
Maluly Neto,1
LXXVII,1
Erico Pegoraro,1
Vagando,1
Farabulini Júnior,1
Cada Senador,1
César Cals Neto,1
Alfredo Campos,1
Mussa Demes,1
Da Ordem Social,1
Substituirá,1
Jamil Haddad,1
O Presidente do Conselho Federal,1
Das Limitações do Poder,1
Das Leis,1
Mauro Campos,1
Albérico Cordeiro,1
Elias Murad,1
Carrel Benevides,1
LVI,1
Ademir Andrade,1
Maurício Pádua,1
Carlos Vinagre,1
José Luiz Maia,1
Grossense,1
Antunes,1
Geraldo Alckmin Filho,1
LIII,1
Adylson Motta,1
Osmundo Rebouças,1
França Teixeira,1
Da União,1
César Maia,1
Darcy Pozza,1
O Tribunal Regional,1
Norberto Schwantes,1
José Freire,1
Matheus Iensen,1
Ministro do Supremo,1
Territórios Federais,1
Capítulo VIII,1
Da Assistência Social,1
O Superior Tribunal,1
Luiz Inácio Lula,1
XXXIX,1
Regiões Norte,1
Lael Varella,1
Miraldo Gomes,1
Orlando Bezerra,1
Paulo Marques,1
Do Ministério Público,1
Almir Gabriel,1
Alexandre Puzyna,1
Jutahy Júnior,1
Municipal,1
Abigail Feitosa,1
Reforma Agrária,1
Desembargadores,1
Aluízio Campos,1
Teotonio Vilela Filho,1
Título VII,1
Serra do Mar,1
Francisco Rossi,1
Egídio Ferreira Lima,1
Fernando Cunha,1
América Latina,1
José Teixeira,1
Dionisio Dal Prá,1
Jorge Medauar,1
Havendo,1
Waldec Ornélas,1
Firmo de Castro,1
Cid Carvalho,1
Nabor Júnior,1
Délio Braz,1
Osvaldo Bender,1
Secretários Estaduais,1
João Machado Rollemberg,1
Nelson Seixas,1
Orçamentária,1
Álvaro Valle,1
Leopoldo Bessone,1
Adauto Pereira,1
Comissão,1
Do Poder Executivo,1
Adolfo Oliveira,1
Sadie Hauache,1
Hélio Duque,1
Das Disposições Constitucionais,1
Gerson Marcondes,1
Defensoria,1
Fernando Bezerra Coelho,1
Mendes Botelho,1
Oeste,1
José Genoíno,1
Sérgio Brito,1
Raul Belém,1
Geovani Borges,1
Defensores Públicos,1
Octávio Elísio,1
Lúcia Vânia,1
José Guedes,1
Basílio Villani,1
Marcos Lima,1
Às Forças Armadas,1
Ivo Mainardi,1
Recebidas,1
Zona Costeira,1
Ney Maranhão,1
Gerson Camata,1
Flavio Palmier,1
Nilson Gibson,1
Irajá Rodrigues,1
Geral do Estado,1
Aloysio Teixeira,1
Luiz Viana,1
Benito Gama,1
Lysâneas Maciel,1
Prisco Viana,1
O Vice,1
Da Organização do Estado,1
A Casa,1
Título,1
Max Rosenmann,1
Luiz Soyer,1
Luís Roberto Ponte,1
Nelson Aguiar,1
Tribunal Regional Eleitoral,1
Eduardo Jorge,1
Cessado,1
Manoel Castro,1
Militares,1
Osvaldo Coelho,1
Cláudio Ávila,1
Ruberval Pilotto,1
Da Intervenção,1
Esses,1
Governos Federal,1
LXIX,1
O Presidente do Tribunal,1
José Agripino,1
Edivaldo Holanda,1
Do Conselho de Defesa Nacional,1
Eduardo Moreira,1
Melo Freire,1
Ruy Bacelar,1
Recusando,1
Raimundo Lira,1
Eraldo Trindade,1
Marcos Queiroz,1
Da Segurança Pública,1
Jonas Pinheiro,1
IN MEMORIAM,1
José Maria Eymael,1
Paulo Paim,1
Jayme Santana,1
Nestor Duarte,1
Raquel Cândido,1
Filho,1
Conselho de Justiça,1
Dos Princípios Fundamentais,1
História do Brasil,1
LVII,1
Roberto Brant,1
José Paulo Bisol,1
O Poder Legislativo,1
Flávio Rocha,1
Sérgio Werneck,1
Vingt Rosado,1
XLI,1
Rita Camata,1
Carlos Alberto,1
Roberto Balestra,1
Sílvio Abreu,1
Alarico Abib,1
Amilcar Moreira,1
LXXII,1
Edésio Frias,1
José Costa,1
Roberto Rollemberg,1
Virgildásio de Senna,1
Walmor de Luca,1
Afonso Arinos,1
LXXIII,1
Estudos de Viabilidade,1
Neuto de Conto,1
Olívio Dutra,1
Cardoso Alves,1
Fazendas Públicas Federal,1
Da Administração Pública,1
Felipe Mendes,1
O Colégio Pedro,1
Wagner Lago,1
Do Poder Judiciário,1
O Procurador,1
Desembargadores do Tribunal,1
Geovah Amarante,1
Das Atribuições do Presidente,1
Artenir Werner,1
Jorge Hage,1
Nion Albernaz,1
Da Responsabilidade do Presidente,1
Gandi Jamil,1
Governo Federal,1
Conselhos de Contas,1
Rosa Prata,1
Benedita,1
Dionísio Hage,1
Jorge Leite,1
Santinho Furtado,1
Cristina Tavares,1
Lavoisier Maia,1
Da Cultura,1
Fica,1
Edison Lobão,1
Homero Santos,1
Frustrada,1
Das Forças Armadas,1
Da Advocacia Pública,1
José Maurício,1
O Tribunal,1
Domingos Leonelli,1
Câmara Legislativa do Distrito Federal,1
Carlos Cotta,1
Uldurico Pinto,1
Roberto Campos,1
Marco Maciel,1
Deputado Federal,1
Wilson Martins,1
Antonio Perosa,1
Mauro Benevides,1
João Carlos Bacelar,1
Fernando Gasparian,1
Arnold Fioravante,1
Preâmbulo,1
XLIV,1
Rosário Congro Neto,1
José Ulísses de Oliveira,1
Eunice Michiles,1
Presidente do Conselho,1
Ronan Tito,1
Aloysio Chaves,1
Ricardo Izar,1
LXVII,1
João Agripino,1
José,1
XXXVI,1
Expedito Machado,1
Mesa Diretora,1
Vilson Souza,1
Costa Ferreira,1
José Lourenço,1
Desporto,1
Conceição,1
Victor Trovão,1
Maurício Correa,1
Dirceu Carneiro,1
Ressalvados,1
Sotero Cunha,1
Forças Armadas de Deputados,1
Antônio Farias,1
Arnaldo Martins,1
Levy Dias,1
Lúcia Braga,1
Doreto Campanari,1
Ulysses Guimarães,1
Dálton Canabrava,1
Artur,1
José Carlos Martinez,1
Mendes Canale,1
Ivo Cersósimo,1
Divaldo Suruagy,1
