Jesus,1416
Deus,1205
Senhor,495
Mas,349
Cristo,262
Ele,235
Pai,234
Lei,214
Paulo,214
João,193
Eles,183
Pedro,159
Jesus Cristo,147
Espírito,137
Jerusalém,131
Então Jesus,120
Que,116
Templo,95
Espírito Santo,86
Escritura,84
Filho,78
Abraão,76
Moisés,75
Filho do Homem,75
Galiléia,65
Senhor Jesus Cristo,63
Mateus,62
Simão,60
Messias,60
Evangelho,59
Israel,58
Reino de Deus,58
Atos,56
Pilatos,56
Davi,55
Ora,54
Anjo,52
Irmãos,52
Tiago,51
Lucas,50
E Jesus,50
Mestre,50
Herodes,49
Ela,49
Judéia,48
Maria,48
Besta,46
Filho de Deus,46
Palavra,44
Apocalipse,44
Ninguém,42
Mas Jesus,42
José,41
Marcos,39
Esse,39
Eis,39
Saulo,38
Este,38
Judas,35
Cordeiro,35
Satanás,35
Filipe,34
Sim,33
Barnabé,33
Senhor Jesus,33
Vendo,32
Ai,32
Romanos,32
I Coríntios,32
O Senhor,31
Páscoa,31
Elias,28
Timóteo,28
Amém,27
Ou,27
Então Pedro,27
Igreja,26
Palavra de Deus,26
JESUS,26
Hebreus,26
II Coríntios,26
Vi,25
Reino do Céu,25
Egito,25
Entretanto,24
Escrituras,24
Havia,24
Levante,24
Jacó,23
Quando Jesus,22
Isaías,22
Vejam,22
Reino,22
Esta,22
Felizes,22
João Batista,21
Vamos,21
Boa Notícia,21
César,21
Macedônia,21
Anjos,21
Essa,21
Vou,20
Sinédrio,20
Silas,20
Vá,19
ENDEREÇO E SAUDAÇÃO,19
Estes,18
Ouvindo,18
Tito,18
Lázaro,18
Simão Pedro,18
Mulher,18
Ásia,18
Cafarnaum,17
Deus Pai,17
Verdade,16
Antioquia,16
Éfeso,16
Levi,16
Estêvão,16
SAUDAÇÕES FINAIS,16
Zacarias,16
Jordão,15
Esses,15
Isaac,15
Venha,15
Salvador,15
Cesaréia,15
Sabemos,15
REINO,14
Dragão,14
Damasco,14
Rei,13
Estavam,13
Profetas,13
Seres,13
Gálatas,13
Bendito,13
Betânia,13
Ananias,13
André,12
Anciãos,12
Melquisedec,12
Zebedeu,12
Santo,12
Efésios,12
Vida,12
Certo,12
Samaria,12
I Timóteo,12
VIDA,12
Espírito de Deus,12
Oliveiras,12
Ouvi,12
Marta,12
Sidônia,12
Nisso,12
Tomé,11
Então Pilatos,11
DEUS,11
Escreva,11
Roma,11
Mas Pedro,11
Festo,11
Essas,11
Saúdem,11
Babilônia,11
O Pai,11
Maligno,11
Façam,11
Então Paulo,11
Nazaré,11
Tiro,11
Chegou,11
Viu,10
Lembrem,10
Venham,10
Apesar,10
A Lei,10
Caiu,10
I João,10
Tinha,10
Lei de Moisés,10
Judá,10
Barrabás,10
Jonas,10
Feliz,10
I Pedro,10
Síria,10
O Deus,10
I Tessalonicenses,10
Eram,10
Houve,10
Cornélio,10
Amados,10
Salomão,10
Fiquem,10
Apolo,10
Félix,10
Caifás,9
Rezem,9
Acaia,9
Digo,9
O Filho do Homem,9
Tomem,9
JESUS É O,9
Isabel,9
Mais,9
Da,9
Cuidado,9
Tenham,9
Prestem,9
Escutem,9
Sodoma,9
Simeão,9
Conheço,9
JERUSALÉM,9
Apareceu,9
Elas,9
A Escritura,9
Noé,9
Jope,9
Tendo,9
Maria Madalena,9
Chipre,8
Peço,8
Depois Jesus,8
Evangelho de Cristo,8
Graças,8
Abismo,8
Mas Deus,8
Filipenses,8
Pois Deus,8
Belém,8
II Timóteo,8
Tinham,8
O Anjo,8
Imediatamente,8
Chegaram,8
Colossenses,8
MESSIAS,8
Justo,8
CRISTO,8
Judas Iscariotes,8
O Reino do Céu,8
Cilícia,8
Ame,8
Grande Cidade,8
Adão,7
Dizendo,7
Betsaida,7
Procure,7
Diabo,7
Siga,7
Palavra do Senhor,7
Belzebu,7
Caminho,7
Saudações,7
Procurem,7
AUTORIDADES,7
Olhem,7
Corinto,7
PRÓLOGO,7
Laodicéia,7
Em Cristo,7
Deixem,7
Dêem,7
Chegando,7
FÉ,7
TESTEMUNHO,7
Crucifique,7
Homem,7
COMUNIDADE,7
Enquanto Jesus,7
II Pedro,6
Filhinhos,6
Dize,6
A Besta,6
Vendo Jesus,6
Daí,6
Dê,6
Icônio,6
HOMENS,6
Caso,6
Tessalônica,6
Oriente,6
E Deus,6
Hosana,6
Devemos,6
Jericó,6
Agripa,6
II Tessalonicenses,6
Creta,6
Pegue,6
Áquila,6
Tenda,6
Evangelho de Deus,6
Jesus de Nazaré,6
Levaram,6
Galácia,6
Herodíades,6
Cidade Santa,6
Alegrem,6
Sião,6
Natanael,5
Cabeça,5
Ló,5
Evite,5
Aarão,5
Sara,5
Mandou,5
Jesus Nazareno,5
Escrevo,5
Vossa Excelência,5
Tragam,5
Ademais,5
Ártemis,5
Alfeu,5
DISCURSO,5
Estas,5
Aconteceu,5
Aristarco,5
Faça,5
Olhe,5
Estenda,5
Trôade,5
Nicodemos,5
PARTE NARRATIVA,5
Deixe,5
Meu Pai,5
E João,5
Cirene,5
Nela,5
Agradeço,5
Panfília,5
Ficou,5
Mas Paulo,5
Estando,5
Claro,5
Jairo,5
Abel,5
AGRADECIMENTO,5
Coragem,5
Afastem,5
Amigo,5
Estejam,5
Listra,5
LEI,5
Conforme,5
Espero,5
O Espírito,5
Igreja de Deus,5
Levantem,5
Guarde,5
Numerosas,5
CONCLUSÃO,5
Somente,5
Jasão,5
Boa Notícia do Reino,5
Rabi,5
Haverá,5
Lembre,5
Jessé,5
Senhor Deus Todo,4
Aliás,4
Tome,4
O Mestre,4
PAULO,4
Sigam,4
Farei,4
Apareceram,4
Tíquico,4
Deus Todo,4
Princípio,4
Saibam,4
Devo,4
Eu Sou,4
Que Deus,4
Acontece,4
Nisto,4
E Pedro,4
Caim,4
Alexandre,4
Vê,4
O SEGUIMENTO DE,4
Silvano,4
Saiu,4
Faze,4
SÓ DEUS PODE,4
Saia,4
O Messias,4
Desça,4
Preparem,4
Fenícia,4
És,4
HOMEM,4
ISRAEL,4
Atenas,4
Deus de Abraão,4
O Reino de Deus,4
II,4
Advogado,4
Santuário,4
JULGAR,4
Saindo,4
Caveira,4
O Dragão,4
Tiatira,4
Bartolomeu,4
SERVIR,4
Filho Jesus Cristo,4
Aprendam,4
Falo,4
I,4
Benjamim,4
CONVERSÃO,4
Sinai,4
Chefe,4
Zaqueu,4
Filho do Deus,4
Tabita,4
EVANGELHO,4
Ázimos,4
AMOR,4
Profeta,4
Finalmente,4
HISTÓRIA,4
Anjo do Senhor,4
Aleluia,4
Filemon,4
Cheio,4
O BANQUETE DA,4
Quando Pedro,4
Itália,4
Maldito,4
Deus de Jacó,4
Partindo,4
Salve,4
Filipos,4
Vigiem,4
Homens,4
Cidade,4
Tirem,4
Nazareu,4
Altíssimo,4
Hipócritas,4
Gomorra,4
Anticristo,4
Gamaliel,4
Manda,4
Disse,4
Perguntaram,4
Honre,4
Mandaram,3
AGRADECIMENTO E PEDIDO,3
Frígia,3
Booz,3
Ômega,3
A CORAGEM DO,3
Meu Deus,3
Ficarão,3
Joset,3
Sete,3
INTRODUÇÃO,3
Aproximou,3
Onésimo,3
Prepare,3
Senhores,3
A Deus,3
Erasto,3
Nele,3
Seis,3
Manassés,3
O PAPEL DA,3
Desamarrem,3
Diga,3
Decápole,3
Homens de Israel,3
Esperando,3
A VIDA CRISTÃ,3
Chamou,3
Acolham,3
Despede,3
Nas,3
TEMPOS,3
SER LIVRE PARA,3
APÓSTOLO,3
Iam,3
Encontrou,3
Lídia,3
Rei Agripa,3
Outrora,3
A INSTITUIÇÃO DA,3
Abba,3
DISCÍPULO,3
Coloquem,3
Amigos,3
Sardes,3
Senhor Deus,3
Naasson,3
Pôncio Pilatos,3
JESUS SILENCIA AS,3
Observem,3
Cuide,3
PECADO,3
Priscila,3
Fora,3
Deus de Isaac,3
Alfa,3
Tomara,3
JESUS ACUSA AS,3
Criador,3
Veio,3
Tiberíades,3
Verdadeiro,3
Cale,3
AUTORIDADE É SERVIÇO,3
Filho de Davi,3
Legião,3
Voltem,3
Convertam,3
Preste,3
Serpente,3
Encontramos,3
Farés,3
Gólgota,3
Santo de Deus,3
Tertulo,3
JESUS CONDENA A DOMINAÇÃO INTELECTUAL,3
Dia do Senhor,3
Podemos,3
Digam,3
Salatiel,3
A FORÇA DO,3
Morte,3
Cuidem,3
JESUS PROVOCA RUPTURA,3
Então Maria,3
DEUS COMPROMETIDO COM A VIDA,3
Berenice,3
Abias,3
Tesouro,3
Caná,3
Aminadab,3
Traga,3
Nazareno,3
Respondam,3
Lei do Senhor,3
Olha,3
A HISTÓRIA E O FIM DOS,3
Veja,3
Jamais,3
O FIM AINDA NÃO CHEGOU,3
A MISSÃO DOS,3
SENHOR,3
Jeremias,3
Samuel,3
DISCÍPULOS,3
JESUS LIBERTA DA,3
Balaão,3
Zorobabel,3
Trata,3
Tarso,3
Deus de Israel,3
Realmente,3
Glória,3
Genesaré,3
Então Herodes,3
Recebam,3
Demas,3
Empregado,3
ESPÍRITO,3
Mas Abraão,3
JESUS VEIO PARA,3
Raça,3
Infelizes,3
EUCARISTIA,3
Entrou,3
Vieste,3
Beréia,3
Eli,3
Alegre,3
Vivam,3
Comportem,3
Elimas,3
TENTAÇÃO,3
JUIZ,3
Falem,3
Neftali,3
O REI,3
JESUS ESTÁ ACIMA DE DAVI,3
Raab,3
Último,3
Templo de Deus,3
Sabendo,3
Fique,3
Gêmeo,3
Gente,3
O REINO É DOM E PARTILHA,3
O REINO PERTENCE AOS POBRES,3
Deram,3
Faraó,3
VITÓRIA,3
Escrevi,3
Desejo,3
CRISTÃ,3
JESUS É O SENHOR DA HISTÓRIA,3
EVANGELHO SEGUNDO SÃO,3
Estéfanas,3
Se Deus,3
Então Judas,3
Ó,3
Salvador Jesus Cristo,3
PAGÃOS,3
Fiquei,3
Reconheceram,3
Salmos,3
PEDRO CAI NA,3
Tire,3
Espíritos de Deus,3
Demétrio,3
Repito,3
Betfagé,3
O PERIGO DA,3
Siloé,3
III,3
Prisca,3
Esaú,3
Existem,2
SOLIDARIEDADE ENTRE AS,2
Derrubou,2
SABER DISCERNIR,2
MARGINALIZADOS,2
Gravarei,2
Passando,2
Tocamos,2
Bom Mestre,2
Lúcio,2
Miguel,2
JESUS E A,2
É de João,2
O POVO PERTENCE A DEUS,2
UNIVERSAL,2
Penso,2
Cainã,2
Azor,2
Voltou,2
ESTEJAM PREVENIDOS,2
Porque João,2
PIOR DO QUE,2
Pérgamo,2
Aser,2
Mulheres,2
OS DOIS FILHOS,2
Cavaleiro,2
Preparação,2
PERDÃO,2
JESUS REJEITA A HIPOCRISIA SOCIAL,2
Peçam,2
Josias,2
LIBERTAÇÃO,2
Cem,2
Joana,2
Abiud,2
Espírito de Jesus,2
Antigamente,2
Gostaria,2
Asa,2
PAI,2
O JULGAMENTO,2
Roboão,2
FILHO,2
O HOMEM,2
Crispo,2
APÊNDICE,2
SALVAÇÃO,2
Matatias,2
O MISTÉRIO DO,2
O CÂNTICO DE,2
Tomando,2
Quando Barnabé,2
Menina,2
Pedimos,2
Continuando,2
Suponham,2
Aquim,2
Pergunto,2
UMA COLHEITA CUSTOSA,2
Rejeite,2
Repleto do Espírito,2
A VERDADEIRA FAMÍLIA DE JESUS,2
Gabriel,2
Bastou,2
Arábia,2
COMBATE,2
Israelitas,2
A LEI DE JESUS É SALVAR,2
Senhora,2
A MISSÃO DE JOÃO BATISTA,2
MORTO,2
Quando Paulo,2
MORTE,2
Paguem,2
Sadoc,2
Ressuscitou,2
Confessavam,2
ALIANÇA,2
Bársabas,2
Caríssimo,2
Subiu,2
Visto,2
Escolhido,2
O JULGAMENTO SOBRE,2
COMPREENDER A PALAVRA NOS CONFLITOS,2
Espanha,2
SÓ DEUS É,2
Esmirna,2
Agar,2
Onesíforo,2
JESUS ESTÁ VIVO,2
Comprei,2
Quantas,2
Caríssimos,2
Getsêmani,2
Pafos,2
Sóstenes,2
Barnabé para Antioquia,2
Saul,2
Colocou,2
JURAMENTO E VERDADE,2
Ozias,2
Mostra,2
Hipócrita,2
ORAÇÃO,2
E Paulo,2
Levantaram,2
Gaio,2
QUEM ESTÁ A FAVOR DE JESUS,2
Deus Altíssimo,2
Mesopotâmia,2
Pratiquem,2
O CENTRO DA,2
Para Deus,2
Ágabo,2
O Espírito Santo,2
Pensam,2
Assos,2
CUIDADO COM OS,2
Acabando,2
Deixemos,2
FIDELIDADE ATÉ O,2
Joatão,2
O Cordeiro,2
Foram até Jesus,2
RAIZ,2
Lida,2
Galião,2
Leve,2
O MISTÉRIO DA MISSÃO DE JESUS,2
Voltando,2
Matã,2
JESUS DESALIENA OS,2
Aproximem,2
Pastor,2
Diariamente,2
Levantou,2
Acaz,2
O Ancião,2
Tadeu,2
Epafras,2
Afinal,2
Explica,2
FÉ E SEGUIMENTO,2
Esse Jesus,2
AÇÃO,2
Depressa,2
FIM DA HISTÓRIA,2
Filadélfia,2
Bitínia,2
RESSUSCITADO,2
Majestade de Deus,2
E Davi,2
Gostam,2
Areópago,2
Nasceu,2
Em Damasco,2
Pais,2
PAI NOSSO,2
Mostrem,2
ANSEIO POR UM MUNDO NOVO,2
Salém,2
Atravessaram,2
Começou,2
Maridos,2
Ezequias,2
Ceia,2
Imperador,2
Derbe,2
Esrom,2
NÃO VOLTEM ATRÁS,2
Encontraram,2
O CAMINHO DA,2
NÃO TENHAM MEDO,2
Tomou,2
Ah,2
Júlio,2
O MESSIAS,2
JESUS OU BARRABÁS,2
Dito,2
A Páscoa,2
Cesaréia de Filipe,2
Mísia,2
PARA SEMPRE,2
Epafrodito,2
Fiz,2
Corpo,2
O PECADO SEM,2
Matias,2
Jorão,2
Sente,2
É de César,2
A MISSÃO DO POVO DE DEUS,2
Sobretudo,2
JESUS E OS,2
Amon,2
Salá,2
Chamaram,2
Juiz,2
Corazin,2
Receio,2
Julguem,2
Sentem,2
Enéias,2
Espírito do Senhor,2
A VERDADEIRA ATITUDE,2
Himeneu,2
Tesouro do Templo,2
Compreendam,2
Canaã,2
Basta,2
Queria,2
Lísias,2
DA LEI,2
Eloi,2
Eleazar,2
Contou,2
IGREJA,2
Pentecostes,2
Teófilo,2
RESTAURAR OS HOMENS NA VIDA TOTAL,2
Siquém,2
Acredito,2
Disseram,2
Esperava,2
Capadócia,2
Parem,2
Jeconias,2
Serei,2
Trófimo,2
Aram,2
II João,2
Estávamos,2
Harã,2
Tais,2
Melqui,2
Judeus,2
ABRAÃO,2
PERSEGUIÇÃO,2
Arquipo,2
III João,2
Mostrou,2
PASCAL,2
Filhos,2
Caro,2
Safira,2
Cláudio,2
Estamos,2
O segundo Anjo,2
A FIDELIDADE DE JESUS AOS SEUS,2
Ouvimos,2
Informado,2
Ferirei,2
ALIENAÇÃO,2
Rogo,2
Alexandria,2
Levantando,2
Arimatéia,2
TENTAÇÕES,2
SEGUIR A JESUS É COMPROMETER,2
E Galião,2
Usem,2
O MESSIAS VAI SER MORTO,2
Solte,2
Iscariotes,2
O NOVO CORDEIRO,2
Parecia,2
Eva,2
O VERDADEIRO MESSIAS,2
Deixaram,2
OUVIR E AGIR,2
Eliud,2
Pisídia,2
Salomé,2
Mileto,2
O CONCÍLIO DE,2
Submetam,2
Nínive,2
Batam,2
Fica,2
ORGANIZAÇÃO DA COMUNIDADE,2
A GRANDE TENTAÇÃO,2
Carreguem,2
O Filho,2
Nos,2
QUEM É O,2
Jobed,2
Entraram,2
Nações,2
Espírito de Cristo,2
Então Festo,2
Vermelho,2
TESTEMUNHA,2
A VINDA DO FILHO DO HOMEM,2
Eliaquim,2
Eufrates,2
Escravos,2
Tiraram,2
Inclinando,2
Ouçam,2
Sentou,2
Cristo Jesus,2
O VERDADEIRO REI,2
O SINAL DA,2
RELIGIOSA,2
OS POBRES EVANGELIZAM,2
Espantados,2
Acreditem,2
PASSAR PARA A,2
OS FALSOS MESTRES,2
Lance,2
Testemunha,2
Acontecerá,2
Damos,2
Estarão,2
Mata,2
Pensando,2
JESUS É SINAL DE CONTRADIÇÃO,2
Porque Deus,2
Considerem,2
FIQUEM VIGIANDO,2
RECOMENDAÇÕES,2
Existe,2
É Deus,2
Salmon,2
Pórtico de Salomão,2
Cordeiro de Deus,2
A BUSCA FUNDAMENTAL,2
Doravante,2
Josafá,2
Querendo,2
José de Arimatéia,2
Permaneçam,2
CONFLITO,2
Acima,2
Campo do Oleiro,2
SATANÁS,2
JESUS LIBERTA PELA,2
JESUS SUPERA AS,2
Em Jerusalém,2
Quando Herodes,2
Recebeu,2
Matat,2
Saíram,2
Sul,2
Só Deus,2
Mande,2
Encarreguem,2
Vestiram Jesus,2
Zabulon,2
Insensato,2
Respeitem,2
Henoc,2
Anás,2
O TESTEMUNHO PROVOCA,2
Perge,2
MISSÃO,2
Daqui,2
EXIGÊNCIAS PARA SEGUIR,1
Tércio,1
Amarram,1
MORTE E VITÓRIA DE JESUS,1
Joanã,1
TUDO O QUE DEUS CRIOU É,1
FIM DO CAMINHO,1
TESTEMUNHAS EM FAVOR DE JESUS,1
JESUS CAMINHA COM OS HOMENS,1
Afasta,1
O POVO DE DEUS EXULTA,1
Afaste,1
Escolheram Judas,1
Socorre Israel,1
Exorte,1
Jovem,1
Obed,1
Eliacim,1
A GRAÇA NÃO TEM LIMITES,1
Tomando Paulo,1
ENFERMOS,1
Satanás para Deus,1
AS TESTEMUNHAS APONTAM O SALVADOR,1
A VERDADEIRA FELICIDADE,1
Participe,1
SINAL DA MORTE DE JESUS,1
Ficamos,1
TODOS REUNIDOS NA VINDA DO SENHOR,1
LIVRO DA GLORIFICAÇÃO,1
A HORA DO PODER DAS TREVAS,1
Inspirados,1
A Lei de Moisés,1
A MOEDA PERDIDA,1
JUSTO,1
MENSAGEM AOS CRISTÃOS,1
Manda Lázaro,1
O SACERDÓCIO DE,1
SEGUNDO LIVRINHO,1
A JUSTIÇA DO,1
Malco,1
Teria,1
O TESTEMUNHO DESMASCARA A OPRESSÃO,1
QUEM NÃO QUER,1
DEUS NÃO VOLTA,1
JESUS E MARIA,1
Interrogado,1
A LIBERDADE CRISTÃ,1
O Rei,1
CONTÍNUA,1
PERDOAR,1
NASCIMENTO DA COMUNIDADE DE CORINTO,1
Falam,1
Ásia para Cristo,1
JESUS REJEITA A POPULARIDADE FÁCIL,1
Os Doze,1
Negociem,1
QUEM SEGUE JESUS DEVE SERVIR,1
NÃO EXISTE OUTRO,1
Subiram,1
O REINO É,1
Reze,1
GRATIDÃO PELA OFERTA DA COMUNIDADE,1
OS CRISTÃOS DEVEM ESTAR ATENTOS,1
O FRUTO DO DISCÍPULO É O,1
Encontrei Davi,1
Pórcio Festo,1
É PROFETIZAR,1
Abadôn,1
Evódia,1
Arranque,1
É Rei de Israel,1
Boa Notícia de Jesus Messias,1
Saúdem Rufo,1
Tício Justo,1
E Cornélio,1
Deixei Trófimo,1
O CORPO DE JESUS É O,1
ADULTÉRIO E FIDELIDADE,1
É MELHOR,1
Chamando,1
VIDA PLENA EM,1
Blasto,1
V,1
Falou,1
Arrastaram,1
UNIDADE NA DIVERSIDADE,1
Mas Pilatos,1
Síntique,1
Jerusalém com Barnabé,1
Apesar de Jesus,1
Natanael de Caná,1
Recebam Epafrodito,1
Morrendo,1
Olimpas,1
AS CARNES SACRIFICADAS AOS ÍDOLOS,1
LOUVOR AO MÁRTIR,1
Mandarei Ártemas,1
JESUS CONDENA QUALQUER,1
Morreu,1
A EXPRESSÃO DE FÉ EM JESUS,1
QUE SALVA,1
PRESENTE,1
Livro,1
PROCURAR AS COISAS DO ALTO,1
NÃO DOMINAR A,1
A CEGUEIRA DAS,1
Públio,1
Bateu,1
IRMÃO SOLIDÁRIO DOS,1
COLOCAR,1
NÃO PERCAM A,1
Deixa,1
A LEI NÃO MELHORA A SITUAÇÃO,1
Depois Deus,1
Ramá,1
SOLENE COMPROMISSO COM,1
Avisados,1
Enfurecidos,1
A HORA DO,1
Jodá,1
POSIÇÃO DE PEDRO,1
APOSTASIA,1
Fênix,1
CRISTO VENCE AS FORÇAS DO MAL,1
Arfaxad,1
Recolhendo,1
EUCARISTIA E COERÊNCIA,1
A MORTE DO,1
Peça,1
Desviarão,1
Boa Notícia do Senhor Jesus,1
Continuem,1
Rufo,1
Primogênito,1
A AÇÃO LIBERTADORA DA IGREJA,1
Jejum,1
O SEGREDO DA,1
Irmão,1
FÉ E GRATIDÃO,1
Procedi,1
UM SUMO SACERDOTE,1
O Enviado,1
ESCOLHER A VIDA,1
FORÇA PARA O,1
TÍTULOS QUE TESTEMUNHAM,1
Manaém,1
Então Saulo,1
A MATURIDADE CRISTÃ,1
Talita,1
Dividiu,1
RELAÇÃO COM DEUS,1
VIVER COMO FILHOS DE DEUS,1
A PARTILHA DOS,1
O ESPÍRITO VAI GUIAR O TESTEMUNHO,1
Expulse,1
O PAI ENTREGOU TUDO A JESUS,1
FÉ E BOA,1
Dirigimo,1
Levavam,1
Recebia,1
ESCLARECIDO,1
Pátara,1
QUEM É JESUS,1
A AÇÃO TESTEMUNHA A VONTADE DE,1
Louco,1
O TEMPO DO,1
Examinem,1
Achamos,1
Pegou,1
JESUS PROVOCA ESCÂNDALO,1
GLÓRIA A DEUS POR MEIO DE,1
Fizemos,1
Aperte,1
A Palavra de Deus,1
PRIMEIRO RETRATO DA,1
A IGREJA EM,1
De Sião,1
Hermógenes,1
A Macedônia,1
PERSEVERANÇA DA FÉ,1
Naim,1
REAÇÃO DOS INIMIGOS,1
DEUS AMA QUEM DÁ COM ALEGRIA,1
O SINAL QUE LEVA PARA A,1
Os Seres,1
O CAMINHO DE JESUS E DO,1
A CEGUEIRA DO,1
Então Barnabé,1
Indecisos,1
JESUS RESSUSCITA OS,1
Cuspiram,1
NA FRAQUEZA SE MANIFESTA A FORÇA,1
SOLIDÁRIO,1
Azoto,1
A VINDA DO SENHOR E O,1
A CARTA CONCILIAR,1
ENTREGUE,1
AMAR DE MODO,1
AS RELAÇÕES DENTRO E FORA DA,1
Set,1
Jogou,1
Então Agripa,1
Blasfemou,1
O SEPULTAMENTO DE,1
Ponha,1
Junto,1
DEUS UNE O HOMEM E A,1
Então Filipe,1
A VIDA,1
Ao Senhor,1
A ESSÊNCIA DA CATEQUESE DE PEDRO,1
Nereu,1
A FÉ NA PALAVRA DE JESUS,1
OS MÁRTIRES PEDEM,1
JESUS É A RESSURREIÇÃO E A,1
ÉFESO,1
Anunciarei,1
NEGAÇÃO,1
Tomarei,1
Também Henoc,1
O SÁBADO FOI FEITO PARA O,1
Anticristos,1
A Nova Jerusalém,1
Ensinamos,1
Etiópia,1
Se Josué,1
PRIVILÉGIO E RESPONSABILIDADE DOS JUDEUS,1
Rezarei,1
Através de Jesus,1
OS DISCÍPULOS NÃO DEVEM SE ACOVARDAR,1
Proclame,1
Pague,1
JESUS É O REI UNIVERSAL,1
O Leão,1
JESUS CAMINHA SOBRE AS ÁGUAS,1
Ninfas,1
DEFESA DE PAULO,1
Tamar,1
Cós,1
Timon,1
Então Maria Madalena,1
CONFISSÃO E ORAÇÃO,1
Sentamo,1
Irei,1
DA MORTE PARA A VIDA,1
O GÉRMEN DE UMA COMUNIDADE,1
MORTE E VIDA COM JESUS CRISTO,1
OS PRIVILÉGIOS DE,1
DEUS GOVERNA A,1
REALIZA AS PROMESSAS DE DEUS,1
O PAPEL DO,1
HONRA,1
A FÉ ILUMINA A VIDA,1
Sízigo,1
Boa Notícia de Jesus,1
Saúde,1
Jefté,1
Confesso,1
Cléofas,1
Confesse,1
Rúben,1
A REALIDADE DA,1
Indignado,1
CORTAR O MAL PELA RAIZ,1
NÃO PACTUAR COM A IDOLATRIA,1
Esli,1
A IGREJA DE,1
Agradeçam,1
PEDIDO,1
Cobriam,1
Febe,1
O EVANGELHO É ACESSÍVEL A TODOS,1
Ultrapassando,1
Saudações de Epafras,1
Voltaram,1
O MISTÉRIO DE,1
TÍQUICO E ONÉSIMO,1
AUDÁCIA DO TESTEMUNHO,1
A RAIZ SUSTENTA A ÁRVORE,1
Cegos,1
Entrará,1
Peguem,1
Cesaréia para Jerusalém,1
Lanço,1
Salvem,1
O TEMPO ESTÁ,1
JESUS SACIA A FOME DO POVO,1
CONFIANÇA NO PAI,1
O Advogado,1
ACABOU,1
Comuniquei,1
A HISTÓRIA NÃO,1
Eunice,1
TESTEMUNHAS OCULARES,1
Quando Timóteo,1
O EVANGELHO VENCE A MAGIA,1
JESUS REVELA O MISTÉRIO ESCONDIDO,1
E O REINO DO MAL,1
O SENHOR ME DEU FORÇAS,1
FIDELIDADE AO EVANGELHO DE CRISTO,1
Devem,1
MULHERES,1
Menásson,1
Mená,1
Recomendo,1
PASTORAL,1
Imitem,1
O MINISTÉRIO DA,1
Suponhamos,1
CONFLITO NA LIDERANÇA,1
Chorando,1
Jorim,1
Havia em Listra,1
Devolvam,1
DO HOMEM,1
JESUS PURIFICA,1
Soltou,1
O COMEÇO DE UMA NOVA HISTÓRIA,1
O Deus de Abraão,1
TESTEMUNHO DE JESUS DIANTE DO PODER,1
O CENTRO DA EXPLORAÇÃO E OPRESSÃO,1
VIDA NOVA PARA OS HOMENS,1
Soltaram,1
JESUS VAI ENFRENTAR O MAL,1
Vestiam,1
A COMUNIDADE NÃO DEVE TEMER,1
Zelota,1
Trogílio,1
Receando,1
Senhores de Atenas,1
LAMENTAM,1
JESUS E LÁZARO,1
Saúdem Apeles,1
Estrela,1
REVEJAM A PRÓPRIA,1
OS PRIMEIROS PASSOS DO DISCÍPULO,1
SACIAR A FOME DO POVO,1
O QUE É A FÉ,1
Percorrendo,1
Rebento de Davi,1
Rebento,1
Despojei,1
Eleita,1
Perguntei,1
JESUS VAI ATÉ O FIM,1
Temam,1
Euroaquilão,1
PERIGO OU SALVAÇÃO,1
Erguendo,1
JESUS VAI PARA,1
ROMPER COM O,1
Pediam,1
Moloc,1
Entregarão,1
FIÉIS AO CAMINHO DE JESUS,1
O CULTO ANTIGO,1
Idólatras,1
JESUS RESSUSCITADO REVELA E REALIZA O,1
O CONFLITO DECISIVO,1
Bartimeu,1
A TESTEMUNHA RECONHECE O SALVADOR,1
Acorrentou,1
Pergunte,1
Maria de Cléofas,1
Messias de Deus,1
A VIDA DA,1
CRISTIANISMO,1
FIDELIDADE DE PAULO,1
Sabes,1
Fujam,1
Isso Abraão,1
ESTADOS DE VIDA,1
PRUDENTE,1
Gad,1
COMO DECIDIR,1
GLORIAR,1
Vistam,1
ISRAEL NÃO ACOLHEU O EVANGELHO,1
Convencido,1
Pretendíamos,1
Receba,1
Sedutor,1
A BUSCA DA REALIZAÇÃO HUMANA,1
Pavimento,1
DO HOMEM VELHO PARA O HOMEM,1
Cresçam,1
TERCEIRO SINAL,1
APÓSTOLOS,1
O ESCÂNDALO DA,1
Raquel,1
Imaginem,1
Magadã,1
A VIDA ESTÁ ACIMA DA LEI,1
Ficará,1
DIREITOS,1
DEUS PREFERE OS,1
PROBLEMAS,1
O BOM SOLDADO DE CRISTO,1
EUCARISTIA É VIDA,1
Filho do Pai,1
Susana,1
Saron,1
Exercite,1
NOVO RETRATO DA,1
Contaram,1
A RESSURREIÇÃO DOS,1
Andaram,1
JESUS PROVOCA DECISÃO,1
O MESSIAS VEIO PARA OS POBRES,1
Formosa do Templo,1
Paulo de Mercúrio,1
Rodes,1
No Templo,1
OS PRESBÍTEROS,1
Glorifica,1
JESUS DÁ VIDA A QUEM ESTÁ,1
QUEBRANDO BARREIRAS,1
JESUS CRISTO É O CENTRO DA,1
A VIDA É DOM DE DEUS,1
Ressa,1
CARISMAS E BEM,1
Retirem,1
Agora Timóteo,1
Magog,1
A MADRUGADA DE UM TEMPO NOVO,1
PORTADORES DA BÊNÇÃO E DO JULGAMENTO,1
PAULO E O MISTÉRIO DE CRISTO,1
JESUS NAZARENO,1
JESUS É O SENHOR DAS SITUAÇÕES,1
O CRUCIFICADO Eles,1
Confio,1
Amei,1
A UNÇÃO DOS,1
REUNIÕES,1
Passaram,1
PROJETOS E NOTÍCIAS,1
Acho,1
UMA NOVA RELAÇÃO ENTRE OS HOMENS,1
A FONTE DA VIDA NOVA,1
A IDEOLOGIA A SERVIÇO DO PODER,1
A Acaia,1
A AUTORIDADE DE,1
Pagãos,1
SE DISPONÍVEL E,1
Carpo,1
Ofariseu,1
EVANGELIZAÇÃO,1
Dedicação,1
Se Jesus,1
Cauda,1
Obrigamos,1
Perdoa,1
Olharão,1
OS DOZE APÓSTOLOS,1
SUFICIÊNCIA,1
Joguem,1
Traduzido,1
Colossas,1
A ORDEM NAS,1
Saúdem Andrônico,1
Batizei,1
A DINÂMICA DO REINO NA HISTÓRIA,1
Acreditem em Deus,1
Mas Diótrefes,1
Expulsarão,1
A PRESENÇA DO,1
Purifiquem,1
A COMUNIDADE É SACRAMENTO DO ESPÍRITO,1
SEREMOS SEMELHANTES A CRISTO RESSUSCITADO,1
Cante,1
Jerusalém para Jericó,1
DEUS É JUSTO,1
Animem,1
O ANÚNCIO PROVOCA,1
Servi,1
O COMPORTAMENTO DO AGENTE DE PASTORAL,1
Crescente,1
QUEM PODE SE OPOR A DEUS,1
POR QUE A,1
A OPÇÃO PELA VIOLÊNCIA Ao,1
Ausente,1
Sarepta,1
PAULO DEFENDE SEUS,1
CONCRETO,1
Passava,1
Esse Messias,1
Queriam,1
A CONSUMAÇÃO FINAL,1
Verão,1
Infeliz,1
Cis,1
Nasci em Tarso,1
Com Jesus,1
Passados,1
A NOVA HISTÓRIA,1
LÁZARO,1
JESUS É UNGIDO PARA A SEPULTURA,1
A TAREFA DA COMUNIDADE CRISTÃ,1
Júpiter,1
Samotrácia,1
Corpo de Cristo,1
Soprava,1
Pereça,1
JESUS CONHECE O HOMEM POR DENTRO,1
Galiléia para Jerusalém,1
A COMUNIDADE E A AUTORIDADE POLÍTICA,1
JESUS É INOCENTE,1
Quando Silas,1
O FERMENTO QUE,1
Quando Judas Iscariotes,1
CORAGEM,1
SE PECADOR,1
QUARTO LIVRINHO,1
Pregamos,1
PRISÃO DE PAULO,1
JESUS É O ÚNICO CAMINHO,1
SE NA CRUZ DE CRISTO,1
JOÃO APONTA O,1
Tratando Paulo,1
O POVO DE DEUS É SALVO,1
Estando Jesus,1
ZACARIAS,1
JESUS É TRAÍDO POR UM DISCÍPULO,1
JESUS MUDA A ÁGUA EM VINHO,1
UM POVO QUE VIVEU DA FÉ,1
EXPLICAÇÃO DO MISTÉRIO DO MAL Vendo,1
Naamã,1
Somente Lucas,1
Louvavam,1
Nem Tito,1
OS ANUNCIADORES DO,1
Porém Jesus,1
PROFETIZAR,1
O JULGAMENTO É,1
Gozamos,1
O QUE É TER FÉ,1
Corte,1
Aproximaram,1
Viram,1
Éfeso até Pentecostes,1
Amarrem,1
Licaônia,1
Paz,1
CORRUPÇÃO,1
AMAR COMO O PAI AMA,1
Mostre,1
A COMUNHÃO QUE GERA A VIDA,1
Tomado,1
Gedeão,1
Soltou Barrabás,1
TUDO É PURO PARA OS PUROS,1
JUSTIÇA,1
Tivemos,1
O EVANGELHO DESTRÓI A CIDADE IDOLÁTRICA,1
Dificilmente,1
A Palavra,1
AGUARDANDO A REALIZAÇÃO DA ESPERANÇA,1
O INIMIGO DO,1
Indo,1
Converta,1
Levaram Jesus,1
Chegada,1
SÓ A FÉ NOS TORNA JUSTOS,1
Simão Cireneu,1
PROCLAME A PALAVRA,1
Suba,1
Sobrou,1
Subo,1
Fizeram,1
Já em Tessalônica,1
OS VERDADEIROS FILHOS DE ABRAÃO,1
Conduzindo,1
O NOME DE JESUS LIBERTA,1
NÃO COMA,1
Apoderaram,1
Aproxime,1
AOS HOMENS,1
Limpe,1
RESTABELECIMENTO DAS RELAÇÕES,1
A ANGÚSTIA SE TRANSFORMARÁ EM ALEGRIA,1
Barac,1
Epêneto,1
Quirino,1
Iduméia,1
A VIDA CRISTÃ É LUTA,1
Céu,1
Médico,1
Pai Abraão,1
Pratique,1
Aderiam,1
A PERSEGUIÇÃO,1
Encontrou Filipe,1
IGREJAS,1
O CONFRONTO COM,1
A PROVAÇÃO AMADURECE A FÉ,1
O Reino,1
NASCENÇA,1
OS PODEROSOS PROCURAM MATAR JESUS,1
SUBMISSOS UNS AOS,1
Juro,1
Conversavam,1
Decidiram,1
Augusto,1
JESUS CURA O,1
Enquanto Pilatos,1
A MISSÃO DOS DISCÍPULOS Jesus,1
O ESPÍRITO SANTO CONTINUA A OBRA,1
JESUS É O ENVIADO DO PAI,1
DEUS AGE ATRAVÉS DO NOME DE,1
Augusta,1
TEMA GERAL,1
Atrevidos,1
Considero,1
RECONHECER,1
Colocarei,1
OS ESCRAVOS,1
Senhor Todo,1
Em Listra,1
PLANOS DE PAULO,1
A SAGRADA ESCRITURA É O ALIMENTO,1
ELOGIO DE DEMÉTRIO,1
Desconcertados,1
Queridos,1
HIPOCRISIA,1
JESUS É O MEDIADOR PERFEITO,1
JESUS ANUNCIA UMA NOVA MORALIDADE,1
Messias de Senhor,1
Mandem,1
Abra,1
Aparecerá,1
Rebeca,1
Sofro,1
Poderá,1
PARALÍTICO,1
JESUS É MISERICORDIOSO COM OS HOMENS,1
Consagra,1
Hermas,1
Talvez Onésimo,1
Sofri,1
ESFORÇO,1
Começaram,1
Holocaustos,1
E Pilatos,1
A OBRA DO,1
FILADÉLFIA,1
Emanuel,1
Perdoem,1
O CENTRO DA VIDA CRISTÃ,1
Pedi,1
A DOR POR CAUSA DA MORTE,1
SEXTO SINAL,1
AS AUTORIDADES RECUSAM OUVIR JESUS,1
CONCRETOS,1
JOÃO BATISTA PREPARA O POVO,1
O NOVO POVO DE DEUS,1
Percorreu,1
FIDELIDADE DE DEUS E INCREDULIDADE DE,1
Rabuni,1
O JULGAMENTO DESTRÓI O MAL,1
De César,1
Segure,1
Mantenham,1
APRENDER DA HISTÓRIA,1
RENUNCIAR POR AMOR,1
JESUS ENTREGUE AO PODER ROMANO,1
Aproximemo,1
Foi Deus,1
Abrindo,1
Abraçou,1
JESUS É FILHO DE DEUS,1
Então Tomé,1
Júnia,1
O Diabo,1
O PODER POLÍTICO ABSOLUTIZADO É O,1
VOCÊS SÃO DE,1
DEUS SUBVERTE OS PROJETOS HUMANOS,1
Dia de Cristo,1
Virá,1
JESUS É O CENTRO DA FÉ,1
DEUS É AMOR,1
Falando,1
Águia,1
Vinho,1
Desembainhou,1
PERSEVERANÇA EM MEIO AO CONFLITO,1
FRAQUEZA DO APÓSTOLO E FORÇA DE,1
Tenhamos,1
Almadã,1
Despejem,1
TE DE NÓS,1
Gaio de Derbe,1
Neri,1
OS ATOS REVELAM A PESSOA,1
Fazia,1
Pequei,1
Resistam,1
Fico,1
E O REINO,1
Fechado,1
Pudente,1
CONFRONTO ENTRE O REINO DE DEUS,1
Abiatar,1
GRANDEZA E FRAQUEZA DOS APÓSTOLOS,1
Como Lida,1
Dinheiro,1
Apelo para César,1
O QUE É A VIDA ETERNA,1
Pármenas,1
Certa,1
Verificamos,1
Prenderam Pedro,1
JESUS É O SUPREMO JUIZ Mas,1
Submetendo,1
A MISSÃO DE JESUS É IRRESISTÍVEL,1
Em Belém,1
JESUS RESSUSCITADO ESTÁ VIVO NA COMUNIDADE,1
Os Anjos,1
Nacor,1
A JUSTIFICAÇÃO É DOM DE DEUS,1
Arrependa,1
Formosa,1
Putéoli,1
Repartiram,1
O JUÍZO FINAL,1
LIVREMENTE,1
COMBATI O BOM,1
CAMINHAR NA LUZ,1
Trifosa,1
Meu Senhor,1
Apoliôn,1
Salim,1
A AÇÃO DO,1
UM NOVO SENTIDO PARA TUDO,1
Desperte,1
O Altíssimo,1
A DINÂMICA DO,1
EFICAZ,1
SUSTENTADO PELA FORÇA DE DEUS,1
DEUS ESPERA A,1
QUEM ESTÁ À,1
SACERDOTE À MANEIRA DE MELQUISEDEC,1
A DINÂMICA DA,1
Trato,1
O EXEMPLO DOS CRISTÃOS DA MACEDÔNIA,1
FUNDAMENTO DA NOSSA,1
FRATERNO,1
Gazela,1
A ESPERANÇA COMEÇA NA GALILÉIA,1
Simão Zelota,1
Esposa,1
Dias,1
A LEI E A JUSTIÇA,1
Perguntou,1
Estejamos,1
Pérside,1
MATRIMÔNIO OU CELIBATO,1
SABEDORIA,1
SÓ DEUS TEM,1
DEUS NÃO TENTA,1
POBRES,1
Arrependam,1
UMA NOVA GERAÇÃO,1
É PRECISO AMAR,1
Drusila,1
Arni,1
Comam,1
O ANÚNCIO SUSCITA,1
O PERDÃO GERA O AMOR,1
DEUS VISITOU O SEU POVO,1
Escrever,1
A INICIAÇÃO CRISTÃ,1
Persegui,1
MUITOS ACREDITAM SÓ QUANDO VÊEM MILAGRES,1
Espíritos,1
Mas Nicodemos,1
Fornicação,1
A DECISÃO PELO,1
Palavra do Reino,1
HUMANO,1
AS COISAS PRESENTES,1
Äo,1
PARA SER DISCÍPULO DE JESUS,1
A VIDA SEGUNDO O ESPÍRITO,1
CUIDADO COM AS FALSAS PROMESSAS,1
Eram Maria Madalena,1
CIDADE,1
JESUS CRISTO ESTÁ ACIMA DOS ANJOS,1
O AMOR E A FÉ,1
ESCÂNDALOS CONTRA O,1
LUTAR PELA FÉ,1
NOVOS MINISTÉRIOS,1
O FILHO DE,1
Enquanto Apolo,1
É em Cristo,1
E Agar,1
Ajuntem,1
O FILHO DO,1
JULGAMENTO,1
Entregue,1
A MENTIRA ESCRAVIZA,1
Exige,1
A Jesus,1
Agindo,1
OS HOMENS DIANTE DA MISSÃO DE,1
JESUS É MAIOR QUE A SUA,1
JESUS É O PÃO DA VIDA,1
SOLIDARIEDADE ATRAVÉS DA,1
DA IDOLATRIA AO DEUS VIVO,1
O ESPÍRITO DIRIGE A MISSÃO,1
JESUS CURA A CEGUEIRA DOS HOMENS,1
Adriático,1
O CULTO AUTÊNTICO,1
CRISTÃOS,1
REAÇÃO DO POVO,1
COMBATE FINAL,1
Diante de Deus,1
Narciso,1
VIDA CRISTÃ NÃO É TEORIA,1
LIBERTAR O HOMEM OU POSSUIR BENS,1
Acredite,1
CONSERVAR FÉ AUTÊNTICA,1
A MISSÃO ATINGE O MUNDO INTEIRO,1
IV,1
Voltarei,1
Aristóbulo,1
Cada Ancião,1
Levou,1
ADULTOS EM CRISTO,1
CONFIAR NA PARTILHA,1
ESTEJAM PREPARADOS,1
ESTEJAM ATENTOS,1
FÉ E PERSEVERANÇA,1
Ia,1
O GRANDE SINAL,1
Salmone,1
Em Cencréia,1
TODOS SÃO PECADORES,1
O CRISTÃO LIBERTO DA LEI,1
VIDA DEFINITIVA,1
JESUS NÃO VEIO PARA CONDENAR,1
A ESPERA ATIVA,1
QUANDO SERÁ O FIM DO MUNDO,1
Ungiu,1
DEUS DÁ UM PÃO QUE SUSTENTA,1
Bosor,1
Daniel,1
Ouvindo Paulo,1
Seríamos,1
Marana,1
AS PARÁBOLAS DO,1
Vigie,1
A VERDADEIRA SABEDORIA,1
JESUS CONDENA A HIPOCRISIA RELIGIOSA,1
Desejei,1
A PALAVRA DE JESUS JULGA OS,1
Palavra em Perge,1
POR QUE ALGUÉM SE AFASTA DA,1
Caminho de Deus,1
Toquem,1
Conforte,1
DOENTES,1
Patmos,1
A VIDA NOVA VEM DE JESUS,1
Blasfemaram,1
A ALEGRIA DO,1
PALAVRA E CONVERSÃO,1
Ressurreição,1
A FORÇA DA,1
Êubulo,1
FIRME E FIEL,1
Fileto,1
JESUS É O MESSIAS ESPERADO,1
Acalme,1
OS ANTICRISTOS,1
LEMBRA,1
Meléia,1
O BANQUETE DA VIDA É PARA,1
JESUS É O SENHOR DO SÁBADO,1
A COMUNIDADE INSTRUI UM LÍDER,1
A FONTE DO,1
PRIMEIRO SINAL,1
Neápolis,1
JESUS ESTÁ VIVO E PRESENTE,1
NÃO SE ENVERGONHAR DO EVANGELHO,1
A VIDA CRISTÃ TUMULTUA A SOCIEDADE,1
Anjos do Dragão,1
Chamem,1
Saúdem Herodião,1
Faleg,1
Vejamos,1
Desceu,1
Esron,1
DEUS NOS TRATA COMO FILHOS,1
De Mileto,1
AVENTURANÇAS,1
A NOVA HISTÓRIA É UM NOVO,1
ACUSAR DE QUÊ,1
Sendo Senhor,1
INQUIETAR,1
Espírito do Pai,1
Cansado,1
NÃO COMERCIALIZAR O DOM DE DEUS,1
Teve,1
CARACTERÍSTICAS DE UM,1
E QUANDO O IRMÃO PECA,1
A ESCOLHA FUNDAMENTAL,1
FAZER A VONTADE DE DEUS,1
Depois Pedro,1
VIVER NA VERDADE,1
O ANÚNCIO FUNDAMENTAL,1
Adi,1
A FÉ SE MANIFESTA EM ATOS,1
O POVO SACERDOTAL,1
JESUS REINTEGRA OS,1
PRIMEIRO LIVRINHO,1
Ápia,1
Líder,1
TESTEMUNHO DIANTE DA,1
E Herodes,1
DOMINAÇÃO,1
COMUNIDADES,1
Cencréia,1
INTERPRETAR O TEMPO,1
A PESSOA E A MISSÃO DE,1
Filho do Altíssimo,1
Bons Portos,1
Seruc,1
JESUS É REJEITADO COMO OS PROFETAS,1
O JULGAMENTO DA,1
RECOMENDADO PELOS HOMENS OU POR DEUS,1
O JULGAMENTO DE,1
O SENHOR DA,1
DEUS SÓ FAZ O BEM,1
Acabo,1
É de Isaac,1
Chamarei Meu,1
Nicanor,1
Progridam,1
Júlia,1
Abraão até Davi,1
Sagradas Escrituras,1
Soberano,1
Janai,1
Expus,1
De Davi,1
O CONFLITO GERA O CONCÍLIO,1
A FÉ É O NASCIMENTO PARA,1
Tiranos,1
E José,1
DEUS NÃO REJEITOU,1
Enraizados,1
JUIZ E SALVADOR,1
Incapaz,1
Saúdem Urbano,1
Então Ananias,1
IMATURIDADE NA FÉ,1
Augusto Imperador,1
CHORAR POR JESUS,1
HOMENS O,1
FESTEJAR O SÁBADO É DAR VIDA,1
Combata,1
Combati,1
A IGREJA SEMENTE DO REINO,1
Mas João,1
NINGUÉM PODE JULGAR,1
O SERMÃO DA,1
Cefas,1
Issacar,1
PARA QUE JOÃO ESCREVEU ESTE EVANGELHO,1
Supliquem,1
LIBERDADE,1
Caio,1
ALTURA,1
SUMO SACERDOTE FIEL E MISERICORDIOSO,1
Sirte,1
Apressemo,1
NINGUÉM APRISIONA A MENSAGEM DE VIDA,1
O AMOR É O PLENO CUMPRIMENTO,1
Faltavam,1
Ilíria,1
Dissemos,1
Dionísio,1
OS ANJOS SÃO,1
BATISTA,1
Saúdem Asíncrito,1
Eliezer,1
Comeram,1
Queríamos,1
MUNDO,1
Então Marta,1
JESUS COMEÇA A,1
Reúnam,1
O EVANGELHO É FORÇA DE DEUS,1
JESUS RESSUSCITADO É DESCOBERTO PELA FÉ,1
JESUS É O SERVO DE JAVÉ,1
CHEGAR,1
Admoeste,1
Costeando,1
Éber,1
Sosípatro,1
NÃO JULGAR PELAS,1
Hierápolis,1
JULGAMENTO E REINO,1
Nova Aliança,1
CONDIÇÃO PARA SER VERDADEIRO GUIA,1
O ESPÍRITO GERA A IGREJA,1
QUEM É O MAIOR NA COMUNIDADE,1
Ó Deus,1
A VISITA ADIADA,1
Caiam,1
Destruam,1
ATÉ AOS EXTREMOS DA TERRA,1
SEREMOS TRANSFORMADOS,1
Atiravam,1
Escondam,1
JESUS OBEDECE AO,1
CONVERSÃO DA IGREJA,1
VIAGEM PARA ROMA,1
Paraíso,1
OCASIÃO DE TESTEMUNHO,1
Abençoem,1
JESUS DESMASCARA AS FALSAS TRADIÇÕES,1
Reconhecemos,1
SEPARAR,1
HIPÓCRITAS,1
O MUNDO,1
A MISSÃO DO SERVO DE JAVÉ,1
JESUS ANUNCIA O,1
Jared,1
Ordenei,1
SE A SERVIÇO DO OUTRO,1
Eliseu,1
Ouviu,1
VALOR DO AUXÍLIO,1
Esse Evangelho,1
AS ARMAS DA,1
E A VIRGINDADE,1
De Antioquia,1
Chorem,1
Julguei,1
UMA SOCIEDADE ESTÉRIL,1
Humilhem,1
Reconheçam,1
Perseverem,1
Apolônia,1
Cobriram,1
TESTEMUNHAR SEM MEDO,1
Oito,1
DOS DISCÍPULOS,1
OBEDECER A DEUS E NÃO AOS,1
JESUS É O SENHOR DA VIDA,1
Adorem,1
A CONDIÇÃO DOS,1
Frutos,1
O PODER DE,1
O PODER DA,1
SE COM DEUS,1
Selêucia,1
Olho,1
O JULGAMENTO DEFINITIVO,1
Evangelho do Senhor,1
Verifiquei,1
COMPORTAMENTO DAS MULHERES,1
Jesus em Cafarnaum,1
O TRIUNFO DA,1
O RICO E O POBRE,1
O TESTEMUNHO É,1
Grite,1
O NASCIMENTO DE,1
Fazendo,1
O PROJETO DE,1
Aboliu,1
E Isaías,1
ALEGRIA PELA BOA,1
Coré,1
SEGUNDO SINAL,1
Ana,1
Fala,1
CONSELHOS DIVERSOS,1
Darei,1
O PENTECOSTES DOS,1
JESUS PRODUZ A VERDADEIRA FÉ,1
DEUS OUVE O PEDIDO DOS POBRES,1
Malaleel,1
Dou,1
Promete,1
Ovelhas,1
Aspirem,1
Então Zacarias,1
Jesus até Anás,1
PREPARAÇÃO DO JULGAMENTO,1
Lóide,1
COMUNIDADE DE JESUS,1
A CELEBRAÇÃO DA,1
O BOM SERVIDOR DE CRISTO,1
Enquanto José,1
Ajoelharam,1
É O AMOR,1
O MISTÉRIO CRISTÃO,1
Tomas,1
Plenitude,1
CRISTÃOS ACOMODADOS E APÓSTOLOS PERSEGUIDOS,1
Saudações de Gaio,1
Doze Apóstolos,1
O PROGRAMA DA ATIVIDADE DE JESUS,1
CONSCIÊNCIA,1
Bar,1
Apresentaram,1
A RELAÇÃO ENTRE ISRAEL E A,1
ANTICRISTO,1
Caminhando,1
Estude,1
Fanuel,1
TORNAR,1
TESTEMUNHO QUE EDUCA,1
Confessem,1
CRISTO ESTÁ DIVIDIDO,1
JESUS É O PÃO QUE SUSTENTA,1
Evangelista,1
TRABALHAR,1
Levava,1
Foi em Antioquia,1
Rosa,1
PÉRGAMO,1
Quando Isabel,1
Vivente,1
APELO AOS FIÉIS,1
Dalmanuta,1
Campo de Sangue,1
TERCEIRO RETRATO DA,1
Mira,1
Tenha,1
Pois em Jesus,1
ASSEMBLÉIAS LITÚRGICAS,1
Atália,1
FIDELIDADE AO ÚNICO,1
Amada,1
Gábata,1
FORÇA E PERIGO DA LÍNGUA,1
Enon,1
O QUE É,1
O RISCO DE,1
AUTENTICIDADE DO DISCÍPULO,1
DEUS É LUZ,1
Separem,1
ESPERA ATIVA,1
Tendas,1
O ERRO DE,1
Conservem,1
A REALEZA DO MUNDO É CAÇOADA,1
Simão Iscariotes,1
O REI DOS,1
Abaixem,1
O MESSIAS É,1
A AÇÃO DE JESUS É O,1
NINGUÉM,1
QUINTO LIVRINHO,1
Aliança,1
SEJA FEITA A VONTADE DO SENHOR,1
ACIMA DE TUDO O AMOR,1
A SERVIÇO DO,1
A VERDADEIRA RELIGIÃO SAI DE DENTRO,1
Autor,1
Boa Notícia de Deus,1
Pararam,1
Avance,1
ENCARNAÇÃO,1
Dióscuros,1
MORTOS,1
Constituiu,1
A REGRA DE,1
Animados,1
JESUS É A LUZ DO MUNDO,1
JESUS É MAIOR DO QUE ABRAÃO,1
Armavam,1
A FORMAÇÃO DO NOVO POVO DE,1
SALVAR,1
Conheça,1
Estáquis,1
Ó Babilônia,1
Lícia,1
Dirão,1
JESUS É A PALAVRA QUE REVELA,1
Excelentíssimo,1
A MORTE DE JOÃO BATISTA É,1
JESUS CURA O FILHO DO FUNCIONÁRIO,1
Pensem,1
Lisânias,1
TODOS REUNIDOS EM,1
Gog,1
A Cidade,1
Então Deus,1
POBRE,1
Enquanto Paulo,1
Baal,1
A VERDADE LIBERTA,1
Tornou,1
URGÊNCIA DA CONVERSÃO,1
Ocidente,1
Siracusa,1
CENTRO DA NOVA,1
A DESTRUIÇÃO DA CIDADE IDOLÁTRICA,1
SE DE NOVO,1
QUAL A NOVIDADE DE SER CRISTÃO,1
OS PODEROSOS SE,1
UMA VEZ POR,1
Sofreu,1
SUAS OBRAS,1
Cidadãos de Éfeso,1
JESUS DESMASCARA OS,1
Serpentes,1
Conserve,1
MINISTÉRIO,1
A VIDA NO,1
João Alexandre,1
MORTE E RESSURREIÇÃO,1
Exércitos,1
QUEM ESTÁ UNIDO A JESUS PRODUZ,1
UMA QUESTÃO DE,1
A CEGUEIRA DOS,1
ABSOLUTO,1
PAULO DEIXA ÉFESO,1
A MISSÃO CRISTÃ,1
Madiã,1
A TESTEMUNHA NÃO É O SALVADOR,1
Interrogando,1
Lino,1
A COMUNIDADE É TESTEMUNHA DE JESUS,1
TERCEIRO LIVRINHO,1
Dando,1
Prostituta,1
LIVRES EM CRISTO,1
GLÓRIA E ALEGRIA DO AGENTE DE,1
Comece,1
Filho de Homem,1
A VIDA NOVA,1
A REALEZA QUE DÁ A VIDA,1
Chegarão,1
Cosã,1
Cananeu,1
Demonstraram,1
FIM DA SEPARAÇÃO,1
Salmo,1
O EXEMPLO DE,1
MONTANHA,1
DE PERSEGUIDOR A,1
JESUS MESSIAS VENCE O MAL,1
Pecadores,1
O FILHO DO HOMEM VAI SER,1
O TESTEMUNHO É PROVA DA RESSURREIÇÃO,1
VISITA ÀS COMUNIDADES,1
Vinda,1
Pare,1
PRODUZ VIDA,1
SERVE,1
Jó,1
Jambres,1
Como Judas,1
PRATICAR O AMOR,1
Colocaram,1
Amarraram,1
Toda Escritura,1
Curem,1
Cuza,1
RESPEITAR O CORPO,1
Zara,1
A PAZ QUE SÓ JESUS PODE,1
Então André,1
DEUS É SOLIDÁRIO COM SEUS FIÉIS,1
Cláudio Lísias,1
A TRISTEZA QUE PRODUZ TRANSFORMAÇÃO,1
UM SACERDÓCIO NOVO,1
ESCRAVOS DE DEUS E DA JUSTIÇA,1
Transcorrido,1
NASCIMENTO DE JOÃO,1
Prendam,1
ORAR É UNIR,1
Teudas,1
Boanerges,1
Gostava,1
Mitilene,1
Irá,1
AS CREDENCIAIS DE JESUS SÃO AS,1
MARCOS,1
PERDOAR SEM LIMITES,1
Em Jope,1
A OPOSIÇÃO A,1
VALOR INCOMPARÁVEL DO SACERDÓCIO DE CRISTO,1
COMUM,1
COMUNIDADE E MISSÃO,1
NEGLIGÊNCIA,1
MELQUISEDEC,1
Mulheres de Jerusalém,1
Olhei,1
Pretendendo,1
DEFINITIVO,1
Ei,1
Tomados,1
Jerusalém para Antioquia,1
O DISCÍPULO NO SEGUIMENTO DO MESTRE,1
UMA COMUNIDADE QUE DÁ FRUTOS,1
Líbia,1
Desejem,1
RELAÇÃO COM O,1
O POVO ACLAMA JESUS COMO REI,1
Chamou Jesus,1
EVANGELIZAÇÃO E PERSEGUIÇÃO,1
Desmoronem,1
OUVIR A PALAVRA DE JESUS,1
APARÊNCIAS,1
UMA EXPERIÊNCIA EXTRAORDINÁRIA,1
A ATIVIDADE DE,1
COMPANHEIROS NA LUTA,1
Salamina,1
Anunciar,1
Clemente,1
Três Tabernas,1
A PRIMEIRA COMUNIDADE,1
Falarei,1
DEUS ATENDE AO PEDIDO DOS MÁRTIRES,1
Desembarcamos em Tiro,1
Veio João,1
EXPRESSAR A FÉ NA VIDA,1
A JUSTIÇA VAI SER REALIZADA,1
OS DISCÍPULOS CONTINUAM A MISSÃO DE,1
CRISTO RESSUSCITADO,1
O TESTEMUNHO CONTINUA,1
Explicou,1
A LEMBRANÇA DA,1
O Dia do Senhor,1
JESUS CHORA SOBRE,1
IRMÃO,1
Faltou,1
JESUS É O CAMINHO QUE LEVA,1
PERSEVERANÇA E PACIÊNCIA,1
RESPEITO E SOLIDARIEDADE,1
SARDES,1
Libertos,1
O CEGO DE,1
Em Isaac,1
Fariseu,1
CHEGADA A ROMA,1
Aconselhe,1
E Abraão,1
TRAMA FRUSTRADA,1
Aconselho,1
Quisemos,1
O VERDADEIRO ISRAEL,1
A FÉ NOS MOMENTOS DIFÍCEIS,1
Santas Escrituras,1
TOMAR UMA ATITUDE,1
Terminados,1
UM ZELO POUCO,1
JESUS É O FILHO DE DEUS,1
Trataram,1
Deves,1
Cuspiam,1
Atingiu,1
Mandei Tíquico para Éfeso,1
JESUS É PRINCÍPIO DE VIDA PARA,1
GRAÇA,1
SEGUNDO RETRATO DA,1
Conosco,1
Ais,1
OS DISCÍPULOS DE JESUS ROMPEM COM,1
Perguntem,1
DEUS REALIZA O,1
DEUS REALIZA A,1
A MISSÃO DA,1
COLETA PARA OS CRISTÃOS DE JERUSALÉM,1
PAULO ENSINA O QUE RECEBEU DE,1
A MISSÃO DE,1
Jerusalém para Gaza,1
OURO,1
Candace,1
Agradecemos,1
O POBRE E O RICO,1
Assim Jesus,1
Samos,1
Sentiu,1
Prócoro,1
UNIDADE DA IGREJA E LIBERDADE CRISTÃ,1
ESPERANÇA NA PROMESSA DE DEUS,1
O PECADO É REJEITAR UMA ORDEM,1
PEDRO,1
QUEM LHES FARÁ,1
ACUSAÇÕES CONTRA JESUS,1
Passamos,1
EVITAR O ESCÂNDALO,1
A IGREJA E OS PAGÃOS,1
SE AO BEM DE TODOS,1
FÉ E TESTEMUNHO,1
PRISÃO E ANÚNCIO DO EVANGELHO,1
Admin,1
Nosso Senhor,1
AUTORIDADE,1
Animado,1
LUCAS,1
Timeu,1
Assim Paulo,1
Fizeram Pedro,1
Recolham,1
Sansão,1
Jezabel,1
NÃO BRIGAR POR COISAS SECUNDÁRIAS,1
Havia em Jerusalém,1
Adramítio,1
OLHOS FIXOS EM,1
JESUS É A FONTE DA VIDA,1
Porei,1
OS SINAIS QUE REVELAM JESUS AOS,1
A FÉ QUE VENCE O MUNDO,1
SINAL DE CONTRADIÇÃO,1
Hacéldama,1
Rute,1
Aparição,1
TESTEMUNHO E PERSEGUIÇÃO,1
PAIXÃO E RESSURREIÇÃO DE JESUS,1
O PROJETO DE DEUS NA HISTÓRIA,1
Compre,1
O SANGUE DA NOVA ALIANÇA,1
INTENÇÃO DO EVANGELISTA,1
A COMUNIDADE É O CORPO DE,1
Saúdem Amplíato,1
IMITAR A DEUS,1
Então Anás,1
ESPERANDO UM MUNDO,1
RECONCILIAÇÃO,1
VIVER A FÉ,1
AÇÃO PASTORAL DESINTERESSADA,1
O JULGAMENTO É APELO À CONVERSÃO,1
Cito,1
CORDEIRO,1
A EXPERIÊNCIA DOS,1
Do Egito,1
Flegonte,1
Destruirei,1
O Espírito do Senhor,1
Sicar,1
OS SINAIS DO,1
Direita,1
Efraim,1
MATRIMÔNIO E CELIBATO,1
A FÉ É UMA PRÁTICA,1
Movido,1
Cumprirei,1
Peguei,1
EVANGELIZAÇÃO É TAREFA,1
Caminho do Senhor,1
O CULTO NOVO E DEFINITIVO,1
AO PAI,1
Cantavam,1
Quarenta,1
Ceia do Senhor,1
Anjo do Abismo,1
O REINO EXIGE,1
Figelo,1
DEUS CAMINHA COM O POVO,1
Esperem,1
Imediatamente Enéias,1
MULTIDÃO,1
SINAL,1
A ATIVIDADE LIBERTADORA DE JESUS,1
Abrirei,1
ALEGRIA E ESTÍMULO,1
Malta,1
Ouça,1
ENRAIZADOS E ALICERÇADOS NO AMOR,1
A COMUNIDADE É UM CORPO VIVO,1
Quando Maria,1
Como Vossa Excelência,1
SOLIDARIEDADE NA PERSEGUIÇÃO,1
Expulsavam,1
Fortalecidos,1
CRISTIANISMO É CAMINHO,1
Matatá,1
FUNÇÃO DOS PRESBÍTEROS,1
Arquelau,1
O POVO CONHECE A VOZ DE,1
PÃES,1
O DINAMISMO DA FÉ É O,1
Se Cristo,1
A CHEGADA DO,1
Inclinou,1
NÃO ESCANDALIZAR O,1
JESUS FAZ VER E FALAR,1
A CHEGADA DA,1
Antipas,1
MARIA,1
A CONDIÇÃO DO POVO JUDEU NÃO,1
O ANÚNCIO DA CHEGADA DO MESSIAS,1
Ensinando,1
SUPERAR A JUSTIÇA DOS HIPÓCRITAS,1
Suportem,1
Caiu Babilônia,1
A ORIGEM DA,1
DA FÉ,1
Emaús,1
NOVOS CÉUS E NOVA TERRA,1
Retirou,1
APROFUNDAR A FÉ,1
JESUS TERÁ ÊXITO NA SUA MISSÃO,1
QUINTO SINAL,1
EPÍLOGO,1
SOLIDARIEDADE,1
Janes,1
SE OS MORTOS NÃO RESSUSCITAM,1
VIGILÂNCIA E RESPONSABILIDADE,1
Consolem,1
Quis,1
UM SACRIFÍCIO ÚNICO,1
INCESTO,1
Sirvam,1
Procuraram,1
RICOS,1
LIVRO DOS SINAIS,1
Cristo em Deus,1
Então João,1
FIDELIDADE E FÉ EM JESUS,1
Movidos,1
A FÉ NÃO TEM FRONTEIRAS,1
MINISTROS,1
Salvador para Israel,1
Diziam,1
ENDIREITAR OS CAMINHOS,1
AS VIÚVAS,1
SÉTIMO SINAL,1
UM SERVO PROVADO NO SENHOR,1
CRISTO É O ÚNICO MEDIADOR,1
Sópatros,1
A VINDA DEFINITIVA DO REINO,1
SE COM JESUS,1
Israel de Deus,1
Guardião,1
Amargura,1
PAULO JUSTIFICA SUA,1
A SALVAÇÃO É PARA TODOS,1
AUTENTICIDADE DA COMUNIDADE,1
PARTICIPANTES DA NATUREZA,1
Simbolicamente,1
Cláudia,1
COMPREENDER,1
E Saulo,1
E Ananias,1
Numerosos,1
FILHO DE DEUS,1
DE ONDE VEM ESSE PROJETO,1
SAUDAÇÕES,1
Jonã,1
O POVO DO,1
Desembarcando em Cesaréia,1
Procure Marcos,1
JESUS SACIA A SEDE DO HOMEM,1
DEUS QUER SALVAR A TODOS,1
Chamaram Barnabé de Júpiter,1
NEM A CIRCUNCISÃO PODE SALVAR,1
A FÉ EM JESUS EXIGE DECISÃO,1
A PROPOSTA DE,1
Se Abraão,1
Ressuscitando,1
Acenderam,1
Esteja,1
Maat,1
E Cristo,1
CRISTÃO,1
Acabamos,1
Na Lei,1
NINGUÉM PODE IMPEDIR O PROJETO DE,1
VIOLÊNCIA E RESISTÊNCIA,1
DISCERNIMENTO,1
E Filipe,1
Joel,1
A PREGAÇÃO DE,1
JUDEUS,1
A JUSTIÇA PELA,1
Chame,1
Reservei,1
Cloé,1
DEUS AOS HOMENS,1
A VERDADEIRA RELIGIÃO,1
Combinou,1
Pratico,1
Corbã,1
Deixaram Jesus,1
Também Rebeca,1
COMPROMETER,1
ENRAIZADOS EM CRISTO,1
O MESSIAS É JESUS DE NAZARÉ,1
Chefes,1
A SOCIEDADE ESTÉRIL E A COMUNIDADE,1
Aretas,1
Negro,1
A MANIFESTAÇÃO DE JESUS PROVOCA DIVISÃO,1
DO REI,1
JESUS SE ENTREGA,1
Abriu,1
Repreenda,1
Compreendemos,1
Saíam,1
Lendo,1
A NOVA ALIANÇA,1
Enós,1
Então Simão Pedro,1
ACOLHIMENTO MÚTUO,1
LIBERTOS PARA A VIDA NOVA,1
Reino para Israel,1
Quando Marta,1
MESTRE,1
DE CORAÇÃO ABERTO,1
TIAGO,1
DIVINA,1
OS RICOS E A CONVERSÃO,1
O NOVO ÊXODO,1
AS FRONTEIRAS DO,1
JESUS NÃO ESTÁ,1
Conhecemos,1
Ceva,1
Porque Herodes,1
O PROCESSO DA,1
A REALEZA DE,1
Venho,1
Lasaia,1
JESUS É A PRESENÇA DE DEUS,1
VIDA NOVA EM,1
A COMUNIDADE DE JESUS É UNIVERSAL,1
Endireitem,1
Liberte,1
O VÉU DAS,1
Dia de Deus,1
Virei,1
ESPERAR,1
NÃO REJEITEM O DOM DE DEUS,1
Enviados,1
Odiaram,1
Solte Barrabás,1
De Caifás,1
Essa Aparição,1
PERSEVERANÇA NA ORAÇÃO,1
O NÚCLEO DA NOVA COMUNIDADE,1
Assim Moisés,1
Amarraram Jesus,1
Responderam,1
Vida Eterna,1
O VERDADEIRO DISCÍPULO,1
Anunciaram,1
Adão até Moisés,1
A VIVÊNCIA DO,1
AI DE VOCÊS,1
A SOBERANA LIBERDADE DE DEUS,1
É Elias,1
Embarcamos,1
A Serpente,1
A VERDADEIRA HONRA,1
Deixando,1
JESUS É FIEL A DEUS,1
Terminou para Isabel,1
O ESPÍRITO VAI DESMASCARAR O MUNDO,1
Estende,1
AS MULHERES SERVEM A JESUS,1
Maldito Jesus,1
Traconítide,1
O DESFECHO DO,1
O FALSO DOUTOR,1
A VINDA DO REINO DE DEUS,1
JESUS É UM HOMEM PERIGOSO,1
RELIGIOSO,1
Vale,1
Costumavam,1
Em Icônio,1
PEDRO CONFIRMA SUA,1
Vemos,1
Rezamos,1
JULGAMENTO EM TRIBUNAIS,1
ANTICRISTOS,1
Acreditei,1
UM PROGRAMA DE,1
Prometem,1
Ragau,1
Ficaram,1
JESUS INICIA UMA NOVA CRIAÇÃO,1
Levados,1
A GRATUIDADE NAS,1
A MORTE DE JESUS É O,1
COMPARTILHAR A FÉ,1
FRUTOS,1
SUBVERSÃO POLÍTICA,1
Testemunho,1
Abilene,1
PROJETO DE DEUS,1
O VERDADEIRO DOUTOR,1
RESSURREIÇÃO,1
Balac,1
De Nazaré,1
O ANÚNCIO DO,1
Pirro,1
Cedron,1
Oséias,1
Quando Cristo,1
QUER VER,1
Tenho em Deus,1
Corramos,1
A OVELHA PERDIDA,1
TIATIRA,1
FIM DA MISSÃO,1
O MESSIAS VAI,1
O REINO É PARA TODOS,1
Régio,1
Olhando,1
Começo,1
RELAÇÃO CONSIGO MESMO,1
Efatá,1
Guias,1
ESCRAVIDÃO E LIBERDADE,1
RETRATO DO AGENTE DE PASTORAL,1
A VIDA SUPERA A MORTE,1
Então José,1
DEDICAR,1
RUPTURA COM O,1
Tibério,1
Contem,1
Salva,1
Ituréia,1
Juntos,1
Desagradam,1
FECUNDA,1
MAIOR SINAL DE,1
Grande Dia do Deus Todo,1
E Agripa,1
Santos,1
Itálica,1
Pai do Senhor,1
Mate,1
O ENCONTRO COM A PALAVRA DE,1
MOVIDOS PELO ESPÍRITO,1
Rapazes,1
O FIM DOS TEMPOS JÁ COMEÇOU,1
A FÉ LIBERTA,1
JESUS VEM LOGO,1
SALVOS PELA GRAÇA,1
SÓ DEUS É O SENHOR DA,1
JESUS AMOU ATÉ O FIM,1
HINO DE LOUVOR,1
Admirados,1
O MOTIVO DA NOSSA ESPERANÇA,1
Revelação,1
PEDRO NEGA SER,1
Lamec,1
VIÚVA PODE CASAR,1
VIVER UNIDO OU,1
Matusalém,1
A TAREFA APOSTÓLICA,1
Vivamos,1
Baraquias,1
O Templo,1
OS PODEROSOS TEMEM FAZER JUSTIÇA,1
Sobreveio,1
Foro Ápio,1
A MISSÃO DE JESUS É DAR,1
Ptolemaida,1
Taré,1
AS MISSÕES DE,1
Betesda,1
PEDIR COM CONFIANÇA,1
A LEI E O PECADO,1
Saíram do Templo,1
O GRANDE DIA DA CONSUMAÇÃO FINAL,1
Caminhando para Jerusalém,1
Testemunho de Jesus,1
NOVO TEMPLO,1
Aumenta,1
O Messias de Deus,1
Como em Adão,1
ÍDOLOS,1
O VERDADEIRO CULTO,1
Pressionada,1
NOTÍCIA,1
AS COISAS FUTURAS,1
Atenção,1
PRISIONEIRO DE CRISTO,1
O REINO ATINGIRÁ O MUNDO INTEIRO,1
Israel contra Jesus,1
Destruiu,1
A MORTE É PASSAGEM PARA A,1
ESMIRNA,1
Habitarei,1
AUTODEFESA DE PAULO,1
Nicópolis,1
A Mulher,1
AS TESTEMUNHAS DE JESUS E O,1
O TESTEMUNHO DE,1
DE JESUS,1
Pátrobas,1
OFENSA E RECONCILIAÇÃO,1
Irresponsáveis,1
Subindo,1
Her,1
JESUS SE IDENTIFICA COM OS PEQUENINOS,1
Passou,1
PERSEVERANÇA,1
Fortunato,1
A CONSUMAÇÃO DO,1
Sabia,1
Saiba,1
DA CEGUEIRA PARA A VISÃO,1
Resolveram,1
O BEM DO HOMEM ESTÁ ACIMA,1
ORAÇÃO E SABEDORIA,1
Aplainem,1
APARIÇÕES DE JESUS,1
OS HERDEIROS DE,1
Dalmácia,1
Face,1
Saúdem Filólogo,1
Fiel,1
A NOVA ALIANÇA LIBERTA E TRANSFIGURA,1
Confiou em Deus,1
Seduzem,1
ATITUDES DO DISCÍPULO,1
UNIDOS EM JESUS,1
Êutico,1
Dâmaris,1
ÚLTIMA ADVERTÊNCIA,1
Cnido,1
A FIGURA DE,1
Caminhará,1
Morou,1
Igualmente,1
Antipátrida,1
Sérgio Paulo,1
A COMUNIDADE TESTEMUNHA A AUTENTICIDADE DO,1
O ESPÍRITO DÁ A MATURIDADE NA,1
Encham,1
Aprendi,1
O Senhor Jesus,1
CADA UM JULGA A SI PRÓPRIO,1
Combinaram,1
A SABEDORIA DE,1
O REINO É DOM GRATUITO,1
Confio em Deus,1
JESUS É MAIS FORTE DO QUE,1
AFINAL,1
NÃO SE ENVERGONHAR DA TESTEMUNHA DO,1
SABEDORIA PARA TESTEMUNHAR,1
AUTO,1
Detestem,1
O MISTÉRIO DO PROJETO DE DEUS,1
Coríntios,1
Naum,1
A IMORALIDADE,1
Mas Simão,1
A LEI DA,1
Tomamos,1
A LEI DE,1
O EVANGELHO É,1
A MISSÃO DO VERDADEIRO MESSIAS,1
A PROMESSA DA,1
Volte,1
Cheias,1
HOMEM E MULHER SÃO IGUAIS,1
ESPOSA,1
Passemos,1
RESPOSTA PARA DIVERSOS,1
SÓ O AMOR SABE DISCERNIR,1
Vendam,1
Ao Deus,1
ISRAEL E A SALVAÇÃO DOS PAGÃOS,1
Urias,1
O EVANGELHO AUTÊNTICO,1
Louvem,1
CONHECER O EVANGELHO PARA DAR TESTEMUNHO,1
AS AUTORIDADES PROCURAM REPRIMIR O TESTEMUNHO,1
A Grande Cidade,1
QUARTO SINAL,1
Bebam,1
PERSEGUIÇÃO E DIFUSÃO,1
APRESENTAÇÃO DO MESSIAS,1
CONSCIÊNCIA LIMPA,1
Iniciador,1
JESUS TORNA CEGOS OS QUE PENSAM,1
Hermes,1
Acaico,1
FIRMEZA NA FÉ,1
Grécia,1
PIOR CEGO É AQUELE QUE NÃO,1
O Senhor Deus,1
Beliar,1
O MESSIAS É O FILHO DE,1
Tenda do Testemunho,1
Quando Deus,1
LIVRES,1
Sangue,1
O AMOR É PRÁTICA CONCRETA,1
Josué,1
Nagai,1
Anfípolis,1
Tornei,1
CRISTO É SENHOR DE TODOS,1
UMA IGREJA REALISTA,1
LAODICÉIA,1
MATEUS,1
A FELICIDADE DE,1
CONFRONTO COM JERUSALÉM,1
O EVANGELHO AMEAÇA O SISTEMA,1
Quio,1
Comerão,1
LIBERDADE E DISCERNIMENTO,1
Paremos,1
Encarou,1
RELAÇÕES,1
ÊXODO,1
ARRISCANDO,1
INTERPRETAR OS SINAIS DO REINO,1
Amaste,1
Semein,1
GÁLATAS,1
PARA DIRIGIR A,1
A COMUNIDADE QUE,1
Deixou Nazaré,1
CONFRONTO COM AS AUTORIDADES DE ISRAEL,1
CHEGOU O TEMPO DO JULGAMENTO,1
O APÓSTOLO É TESTEMUNHA DE CRISTO,1
A VITÓRIA SOBRE O MUNDO,1
Embarcamos em Trôade,1
PAI DOS QUE TÊM FÉ,1
Donde,1
O DISCÍPULO NÃO ESTÁ ACIMA DO,1
JESUS VENCE A,1
A PROMESSA E A LEI,1
DE PERSEGUIDOR A PERSEGUIDO Saulo,1
APELO PESSOAL DE,1
A UNIDADE NO,1
Pedra,1
OS FILHOS DA,1
Zenas,1
A HISTÓRIA DO,1
Nicolau de Antioquia,1
O SILÊNCIO DE,1
Natã,1
Saúdem Trifena,1
Amós,1
Apresentem,1
A RESSURREIÇÃO DE,1
Reparei,1
Entrem,1
O VERDADEIRO SANTUÁRIO,1
O REINO TRANSFORMA,1
Assim Deus,1
Saulo de Tarso,1
VIDA CRISTÃ E,1
Cheguei,1
RICO TAMBÉM PODE,1
NÃO IMITAR O,1
Dei,1
TIMÓTEO E EPAFRODITO,1
Hemor,1
UMA NOVA IGREJA EM ANTIOQUIA,1
DESTINO DOS QUE ADORAM A BESTA,1
ÓDIO DO MUNDO,1
Sobre Marcos,1
Tem,1
Farão,1
Antigo Testamento,1
Ensinava,1
AS DECISÕES DE DEUS SÃO INSONDÁVEIS,1
Subam,1
DE RÉU A,1
Gostaríamos,1
Refã,1
Derbe com Barnabé,1
JUSTIÇA E MISERICÓRDIA,1
Aproximavam,1
Harmagedôn,1
O CENTRO DA SOCIEDADE ESTÉRIL,1
VIVER PARA CRISTO,1
DEUS SERÁ TUDO EM TODOS,1
MULHER,1
INSTRUMENTOS DA JUSTIÇA E DA VIDA,1
Religião,1
Graça,1
Lembro,1
Fuja,1
A TRINDADE GERA A COMUNIDADE,1
Porque Paulo,1
Passado,1
Criados,1
OS FILHOS SÃO,1
DIVISÕES NA COMUNIDADE,1
A ESSÊNCIA DA CATEQUESE DE PAULO,1
Paga,1
Esbarraram,1
FILHOS E HERDEIROS,1
Ajuntou,1
Considere,1
Terra de Zabulon,1
Saiam,1
Madalena,1
Sinto,1
CORROMPE,1
