Art,2067
Parágrafo,389
Se,317
I,212
II,208
III,162
IV,110
Lei,109
V,69
No,69
Salvo,58
Incluído,51
Código,48
Seção II,46
Seção I,38
Seção III,37
Em,37
Nos,37
Vigência,32
VI,32
CAPÍTULO II,31
Disposições Gerais,30
CAPÍTULO I,30
Redação,27
Ministério Público,26
CAPÍTULO III,24
Seção IV,22
Considera,22
Registro Público de Empresas Mercantis,21
VII,20
Revogado,19
CAPÍTULO IV,19
Seção I Disposições,18
Gerais,17
Havendo,17
União,16
Seção V,15
Capítulo,14
Registro Civil,14
GERAIS,14
País,14
VIII,13
CAPÍTULO V,13
Nas,13
Imóveis,12
Brasil,12
Aplica,12
Cartório de Registro,12
Extingue,11
CAPÍTULO VI,11
CAPÍTULO I DISPOSIÇÕES,11
Compete,11
Poderá,10
Distrito Federal,10
Seção VI,10
Poder Executivo,10
Município,9
Seção III Da,8
Constitui,8
CAPÍTULO VII,8
Estado,8
Somente,8
TÍTULO I,8
Aplicam,7
Seção VII,7
TÍTULO II,7
Seção,7
CAPÍTULO II DA,7
Registro de Imóveis,7
Cessa,6
Tutela,6
Presume,6
Ninguém,6
Presumem,6
TÍTULO III,6
CAPÍTULO VIII,6
Fica,6
Documentos,6
CAPÍTULO IX,6
IX,6
Prescrição,6
TÍTULO IV,6
Subseção II,5
Ressalvado,5
Código Civil,5
Da,5
Hipoteca,5
Consideram,5
Estados,5
Da Aquisição,5
Seção II Da,5
Igual,5
CAPÍTULO IV DA,5
Mas,5
Obrigações,5
Venda,4
Administração,4
Sociedade em Relação,4
Da Administração do Condomínio,4
VETADO,4
Ocorrendo,4
L,4
CAPÍTULO XI,4
Verificada,4
Fiança,4
Subseção I,4
CAPÍTULO X,4
Cabe,4
Dissolvida,4
Seção VIII,4
Diário,4
Subsiste,4
Sócios,4
Das Obrigações de Dar Coisa,4
Caso,4
Pagando,4
Subseção IV,3
Prometendo,3
Constituída,3
Curatela,3
Seção III Do,3
Este,3
Posse,3
Ao Poder Executivo,3
Adolescente,3
Da Resolução,3
Sobrevindo,3
CAPÍTULO ÚNICO,3
Sujeita,3
CAPÍTULO I DO,3
Responderá,3
Da Extinção,3
Seção V Da,3
Da Dissolução,3
Servidões,3
Seção IV Da,3
Criança,3
Resolução,3
Ressalvada,3
Pessoas Jurídicas,3
Depósito Público,3
Decorrido,3
X,3
CAPÍTULO III DA,3
Tratando,3
Seção IX,3
Estatuto,3
Subseção III,3
Preliminares,3
CAPÍTULO ÚNICO DISPOSIÇÕES,3
Tem,3
Achando,3
Extinção,3
Vide Lei,3
Propriedade,3
Seção VI Da,3
SUBTÍTULO II,3
SUBTÍTULO I,3
Decai,3
Responde,3
Seção II Do,3
Subsistirá,3
Do Exercício,3
Tutores,3
TÍTULO V,3
Seção I Da,3
Seção I Do,3
Domínio,2
Contratos,2
Seção II Dos,2
Concorrendo,2
Extinção do Poder,2
Forças Armadas,2
Redução do Capital,2
Seção II Das,2
PENHOR,2
Dos Direitos do Credor Pignoratício,2
Familiar,2
CAPÍTULO III DOS,2
Seção V Das,2
Condôminos,2
Das Causas,2
Da Curatela do Nascituro,2
Registro,2
Do Registro,2
Transfere,2
LIVRO I,2
Suspensa,2
Da Caracterização,2
Do Pagamento,2
Nulo,2
Suspendem,2
BENS,2
Incerta,2
Consumíveis,2
Do Estado de Perigo,2
E R A,2
Exercício,2
Do Transporte de Coisas,2
Dívidas,2
Mercantil,2
Do Contrato com Pessoa,2
JURÍDICO,2
P A R T E G,2
Morrendo,2
Extinta,2
Subseção III Da,2
Do Penhor de Direitos,2
Do Penhor,2
Depende,2
Estende,2
Incorre,2
Balanços,2
Das Relações com Terceiros,2
Do Usufruto,2
S P E C I A,2
Deveres,2
Disposições Preliminares,2
Constituem,2
Testamento Aeronáutico,2
Da Passagem de Cabos,2
Admite,2
Recíproca,2
Ignorância,2
Das Obrigações do Mandante,2
Excetuam,2
Sua Prova,2
Território,2
Equipara,2
Ressalvados,2
Dos Efeitos do Legado,2
Excluem,2
Independentemente,2
Enfermo,2
DISPOSIÇÕES GERAIS,2
Bens do Ausente,2
Dos Bens do Tutelado,2
Das Obrigações do Credor Pignoratício,2
CAPACIDADE,2
Deve Pagar,2
CAPÍTULO X DA,2
Da Promessa de Fato,2
Aceitas,2
CAPÍTULO I DA,2
ÍNDICE,2
TÍTULO VIII,2
Direitos,2
CAPÍTULO VIII DA,2
Cartório de Títulos,2
Do Achado do Tesouro,2
Compra,2
Do Inventário,2
Da Exceção de Contrato,2
Cumpre,2
Do Objeto do Pagamento,2
TÍTULO VII,2
Filhos,2
CAPÍTULO XIII,2
Institui,2
Findo,2
Balancetes Diários,2
Da Hipoteca de Vias Férreas,2
Bens,2
Certa,2
Da Administração,2
Do Transporte de Pessoas,2
Auxiliares,2
Preferência,2
Portador de Deficiência,2
Física,2
Dos Direitos,2
Coletivos,2
Dos Incapazes de Exercer,2
Juntas Comerciais,2
Tendo,2
Incumbem,2
Vide Medida Provisória,2
Da Extinção do Condomínio,2
Municípios,2
Sócio,2
CAPÍTULO XIV DO,2
Adquire,2
DECADÊNCIA,2
Dependem,2
Subseção V,2
CURATELA,2
Estando,2
Registro de Títulos,2
P A R T E E,2
Do Direito,2
Realizada,2
Da Tutela,2
Sociedade,2
LIVRO III,2
CGSIM,2
TÍTULO IX,2
Do Tempo do Pagamento,2
Contento,2
Da Prescrição,2
Da Prestação de Contas,2
CAPÍTULO XIV,2
Da Perda,2
Da Venda com Reserva,2
Encerrada,2
OBRIGAÇÕES,2
CAPÍTULO XII,2
Livro,2
Declarar,2
LIVRO II,2
Tubulações,2
Contam,2
Dos Efeitos,2
Ressalvam,2
Regula,2
Do,2
Acessão,2
Interrompem,2
CASAMENTO,2
Registro do Título,2
Prevalece,2
Cumprido,2
Seção I Dos,2
Das Obrigações do Mandatário,2
Falecendo,2
TÍTULO VI,2
Far,2
Perde,2
Sócios Minoritários,2
Ficam,2
Doação,2
Do Seguro de Pessoa,2
República,2
Da Constituição do Penhor,2
Plantações,2
Da Usucapião,2
Causas,2
Comissão,2
Do Penhor de Veículos,2
Parte Especial,2
Prova,2
Do Lugar do Pagamento,2
Caducará,2
Adjunção,2
Do Direito de Construir,2
Da Confusão,2
Incumbe,2
Territórios,2
Do Exercício do Poder Familiar,2
PARTILHA,2
Usucapião,2
Dissolução,2
Subseção II Da,2
Dissolve,2
Aquisição,2
Onerosidade Excessiva,2
Caduca,2
Da Extinção do Mandato,2
Da Estipulação em Favor,2
Impedem,2
Legados,2
Haverá,2
Pagamento,2
TÍTULO X,2
Dos Limites entre Prédios,2
Direito de Tapagem,2
Título,2
Do Seguro de Dano,2
Lei Complementar,2
Estipulado,2
Seção VII Da,2
Títulos de Crédito,2
Partilha,2
Da Extinção do Penhor,2
Do Mandato Judicial,1
POR AÇÕES,1
DAS PESSOAS,1
Da Solidariedade Passiva,1
Dos Herdeiros Necessários,1
CAPÍTULO V DO PODER FAMILIAR,1
Da Transação,1
Da Propriedade,1
Seção VI Da Fraude Contra Credores,1
CAPÍTULO IX DAS,1
Da Garantia,1
Do Contrato Estimatório,1
SUBTÍTULO I DO,1
CAPÍTULO III DAS PERDAS E DANOS,1
Da Propriedade Resolúvel,1
CAPÍTULO VI DO REGIME DE SEPARAÇÃO,1
Seção III Da Sucessão Definitiva,1
Impugnada,1
Da Invalidade do Negócio Jurídico,1
Do Condomínio Voluntário,1
Excepcionalmente,1
Entram,1
Da Propriedade em Geral,1
CAPÍTULO II DO PAGAMENTO EM CONSIGNAÇÃO,1
Comodato,1
Do Regime de Bens,1
DO DIREITO DAS,1
Menores,1
Aprovado,1
Instalada,1
Da Ordem,1
Curadoria,1
CONFUSÃO,1
Produz,1
Dos Impedimentos,1
Da Sucessão Legítima,1
Da Troca,1
Falecido,1
Do Depósito,1
CAPÍTULO IV DAS CAUSAS SUSPENSIVAS,1
CAPÍTULO I DA OBRIGAÇÃO DE INDENIZAR,1
Muda,1
Títulos,1
CAPÍTULO I DA ORDEM DA VOCAÇÃO,1
ALIMENTOS,1
DA FIANÇA,1
Sociedades,1
Assembléias,1
Caducidade,1
Dos Prepostos,1
Efetuar,1
Dos Interditos,1
SONEGADOS,1
Dos Deveres do Usufrutuário,1
Transitórias,1
Vencida,1
Da Ocupação,1
TÍTULO VIII DA,1
Correm,1
CAPÍTULO IV DA PERDA DA PROPRIEDADE,1
DO TESTAMENTO EM,1
Conservam,1
Da Avulsão,1
Da Adoção,1
CAPÍTULO I DA CESSÃO DE CRÉDITO,1
UNIVERSAL,1
CAPÍTULO IV DA EXTINÇÃO DO USUFRUTO,1
CAPÍTULO IX DO,1
Constituído,1
Começa,1
Casa Civil,1
POSSE,1
Efeitos,1
Quotas,1
Seção V Do Penhor Rural,1
E DO VÍNCULO,1
Das Águas,1
Pertence,1
Da Proteção,1
Das Provas do Casamento,1
Pessoa,1
Fazenda Nacional,1
HEREDITÁRIOS,1
Dos Institutos Complementares,1
CAPÍTULO XII DA AGÊNCIA E DISTRIBUIÇÃO,1
CAPÍTULO II DO PACTO ANTENUPCIAL,1
Pagar,1
SI MESMOS,1
Dos Bens Fungíveis,1
TÍTULO I DAS PESSOAS NATURAIS,1
Seção IV Do Testamento Particular,1
Dissolvido,1
Poderão,1
Poder Público,1
Ocorre,1
TÍTULO I DA SUCESSÃO EM GERAL,1
Do Gerente,1
Da Condição,1
Anulado,1
Respeitada,1
CAPÍTULO II DAS,1
CAPÍTULO II DA SOCIEDADE EM CONTA,1
COMPROMISSO,1
Do Direito Pessoal,1
Procede,1
Seção II Do Depósito Necessário,1
Aeronáutica,1
Invalidam,1
Seção I Do Contrato Social,1
CAPÍTULO V DOS DIREITOS DE VIZINHANÇA,1
CAPÍTULO VI DA,1
TÍTULO II DOS DIREITOS REAIS,1
Portador,1
Subseção III Do Penhor Pecuário,1
Interditos,1
COMPRADOR,1
Do Contabilista,1
Da Eficácia do Casamento,1
PESSOAS,1
Seção VIII Da,1
CAPÍTULO V DA,1
TÍTULO II DA,1
Simplificação do Registro,1
Da Comissão,1
Nula,1
CAPÍTULO III DO TÍTULO À ORDEM,1
Da Preempção,1
Seção II Da Sociedade Nacional,1
Da Sociedade Anônima,1
Parte Primeira do Código Comercial,1
COMPENSAÇÃO,1
Da Cláusula Resolutiva,1
CAPÍTULO II DO TÍTULO AO PORTADOR,1
Provado,1
DAS MODALIDADES DAS,1
CAPÍTULO I DAS OBRIGAÇÕES DE DAR,1
Do Penhor Industrial,1
DE BENS,1
Avaliar,1
Dos Atos Ilícitos,1
Da Transformação,1
CAPÍTULO XVIII,1
Perfaz,1
CAPÍTULO III DO CONTRATO ESTIMATÓRIO,1
CAPÍTULO IX DA PROPRIEDADE FIDUCIÁRIA,1
Configura,1
Divergindo,1
Dos Tutores,1
Do Condomínio Geral,1
Do Direito de Família,1
Seção II Das Árvores Limítrofes,1
TÍTULO III DOS ATOS ILÍCITOS,1
Seção III Da Solidariedade Passiva,1
CAPÍTULO II DA ASSUNÇÃO DE DÍVIDA,1
Do Enriquecimento Sem,1
CAPÍTULO VII DAS PROVAS DO CASAMENTO,1
Diferentes Classes de Bens,1
Aceita,1
Do Pagamento em Consignação,1
Coação,1
Valerá,1
Subseção I Da,1
Opera,1
CAPÍTULO I DA SOCIEDADE SIMPLES,1
Preempção,1
SOCIEDADE,1
Negócios,1
Resolvida,1
EMPRÉSTIMO,1
Seção VI Do Penhor Industrial,1
Paga,1
Inexistindo,1
Da Propriedade Fiduciária,1
CAPÍTULO I DA PERSONALIDADE E DA,1
CAPÍTULO II DA HERANÇA E DE,1
CAPÍTULO VI DA GARANTIA DOS QUINHÕES,1
SUBSTITUIÇÕES,1
Anticrese,1
Do Regime de Participação Final,1
Da Prova,1
Da Aceitação,1
Da Assunção de Dívida,1
Requerido,1
Cancelado,1
Importa,1
ESTABELECIMENTO,1
Das Árvores Limítrofes,1
Seção V Dos Bens Singulares,1
Da Constituição de Renda,1
SOCIEDADES,1
Das Obrigações Alternativas,1
CAPÍTULO III DA VOCAÇÃO HEREDITÁRIA,1
Esgotado,1
Seção IV Do Conselho Fiscal,1
CAPÍTULO XVI,1
Causa,1
DAS PESSOAS NATURAIS,1
IMÓVEL,1
Dos Codicilos,1
Da Descoberta,1
Código Civil Brasileiro,1
EIRELI,1
TÍTULO IX DA RESPONSABILIDADE CIVIL,1
Desaparecendo,1
CONTRATO,1
Satisfeitas,1
O CASAMENTO,1
Do Inadimplemento,1
DA AUSÊNCIA,1
Privilégios Creditórios,1
Termo,1
Cópia,1
Fazenda do Estado,1
Dos Direitos Reais,1
Seção III Dos Bens Fungíveis,1
Vicia,1
Iniciado,1
Deixa,1
CAPÍTULO II DOS BENS RECIPROCAMENTE CONSIDERADOS,1
LEGATÁRIOS,1
DA EMPRESA INDIVIDUAL DE RESPONSABILIDADE LIMITADA,1
Meado,1
Ocupação,1
CAPÍTULO IV DAS OBRIGAÇÕES ALTERNATIVAS,1
CAPÍTULO IV DOS DEFEITOS DO NEGÓCIO,1
Da Formação,1
TÍTULO X DO,1
INVENTÁRIO,1
Da Responsabilidade Civil,1
Códigos,1
DESERDAÇÃO,1
Texto,1
Capital do Estado,1
Designados,1
CAPÍTULO III DOS EFEITOS DA POSSE,1
Arquivados,1
SUBTÍTULO IV,1
Do Erro,1
TÍTULO IV DA,1
Caracterização,1
CAPÍTULO IX DA REMISSÃO DAS DÍVIDAS,1
Da Herança,1
Seção VII Dos Contratos Aleatórios,1
Bens de Filhos,1
LEI No,1
Impossibilitando,1
AUTORIZAÇÃO,1
Autuado,1
CAPÍTULO III DO PAGAMENTO INDEVIDO,1
Decorridos,1
CAPÍTULO VI DA CELEBRAÇÃO DO CASAMENTO,1
CAPÍTULO II DAS OBRIGAÇÕES DE FAZER,1
CAPÍTULO III DA SOCIEDADE EM COMANDITA,1
DOAÇÃO,1
Das Obrigações Solidárias,1
REPRESENTAÇÃO,1
Subseção V Das,1
CAPÍTULO II DOS,1
CAPÍTULO II DA CAPACIDADE PARA O,1
CAPÍTULO XII DA REVOGAÇÃO DO TESTAMENTO,1
TÍTULO X DAS PREFERÊNCIAS E PRIVILÉGIOS,1
DA INCORPORAÇÃO,1
Da Superfície,1
LIVRO IV,1
CAPÍTULO V DA LOCAÇÃO DE COISAS,1
PAGAMENTO,1
PROPRIEDADE,1
Seção V Dos Vícios Redibitórios,1
CAPÍTULO V DA SOCIEDADE ANÔNIMA,1
DAS OBRIGAÇÕES,1
CAPÍTULO I DA SOCIEDADE EM COMUM,1
SUBTÍTULO III,1
FILIAÇÃO,1
PREPOSTOS,1
Celebrar,1
Da Constituição,1
Da Obrigação de Indenizar,1
Dos Bens Móveis,1
Da Sociedade Personificada,1
Deliberada,1
SUPERFÍCIE,1
Da Decadência,1
Da Representação,1
Conjugal,1
Determinado,1
Do Negócio Jurídico,1
Sociedade Dependente de Autorização,1
Erro,1
Várias Espécies de Contrato,1
Participação,1
Seção IV Dos Bens Divisíveis,1
EMPREITADA,1
Integram,1
Essa,1
CAPÍTULO XI DA PROTEÇÃO DA PESSOA,1
Ilhas,1
Seção III Da Sociedade Estrangeira,1
Seção I De Quem Deve Pagar,1
TÍTULO IV DA PRESCRIÇÃO E DA,1
SUBTÍTULO III DOS,1
Do Conselho Fiscal,1
Da Anulação,1
Capítulo IX,1
Da Curatela,1
CAPÍTULO XVII,1
CAPÍTULO VI DAS ARRAS OU SINAL,1
Seção VI Do,1
CAPÍTULO III DO PAGAMENTO DAS DÍVIDAS,1
Do Testamento Particular,1
PRESCRIÇÃO,1
Aberta,1
Independência,1
Calcula,1
TÍTULO II DOS ATOS JURÍDICOS LÍCITOS,1
Reverterá,1
Deliberando,1
TÍTULO ÚNICO DAS DIFERENTES CLASSES DE,1
Dispensam,1
Seção I Preliminares,1
Lei de Introdução,1
Do Título À,1
CAPÍTULO IV DO TÍTULO NOMINATIVO,1
SERVIDÕES,1
DE PARTICIPAÇÃO,1
Da Sociedade em Comandita Simples,1
Ciências Contábeis,1
Vocação Hereditária,1
Da Cessação,1
Da Escusa,1
Da Sociedade Limitada,1
CAPÍTULO I DA PROPRIEDADE EM GERAL,1
Dos Bens Reciprocamente,1
Da Corretagem,1
Da Especificação,1
Das Sociedades CoLigadas,1
Decretada,1
Da Sociedade em Comum,1
Seção II Do Condomínio Necessário,1
Obriga,1
Convencionada,1
Obrigando,1
Distribuição,1
Praticadas,1
DOS BENS,1
Do Testamento Marítimo,1
Dos Contratos em Geral,1
Rede Nacional,1
Classificação,1
CAPÍTULO II DOS DIREITOS DO USUFRUTUÁRIO,1
Comitê para Gestão,1
Respeitados,1
Operada,1
Dos Alimentos,1
Seção I Dos Bens Imóveis,1
Da Compensação,1
SUBTÍTULO II DA SOCIEDADE PERSONIFICADA,1
LIVRO I DO DIREITO DAS OBRIGAÇÕES,1
Seção III Da Passagem Forçada,1
Termina,1
Da Extinção do Usufruto,1
CAPÍTULO XIX DA,1
Violado,1
Aloysio Nunes Ferreira,1
Danos,1
CAPÍTULO X DO,1
Das Construções,1
Da Posse,1
Dispondo,1
HEREDITÁRIA,1
Sinal,1
CAPÍTULO XV DO,1
Recusada,1
Da Escrituração,1
Da Caducidade,1
Da Promessa de Recompensa,1
Seção II Da Sucessão Provisória,1
TITULO III DA SUCESSÃO TESTAMENTÁRIA,1
TRANSFORMAÇÃO,1
Vale,1
DA HIPOTECA E DA ANTICRESE,1
Seção I Da Substituição Vulgar,1
CAPÍTULO III DO DIREITO DE REPRESENTAÇÃO,1
CAPÍTULO IV DO ENRIQUECIMENTO SEM CAUSA,1
TUTELA,1
Casamentos,1
HABITAÇÃO,1
EMPRESÁRIO,1
Da Sociedade em Conta,1
XI,1
Suspende,1
Do Dolo,1
CAPÍTULO X DA DISSOLUÇÃO DA SOCIEDADE,1
Sofrerá,1
Indivisíveis,1
Da Cláusula Penal,1
Presumir,1
Marinha,1
CAPÍTULO III DO PAGAMENTO COM SUB,1
DEPÓSITO,1
CAPÍTULO II DO NOME EMPRESARIAL,1
CAPÍTULO V DO REGIME DE PARTICIPAÇÃO,1
Seção I Do Uso Anormal,1
Prescreve,1
Revogação,1
Destinando,1
Intentada,1
Dos Excluídos,1
TÍTULO IV DOS INSTITUTOS COMPLEMENTARES,1
CAPÍTULO VII DA PETIÇÃO DE HERANÇA,1
Tão,1
Da Hipoteca,1
CAPÍTULO III DAS FORMAS ORDINÁRIAS DO,1
Considerados,1
Deliberações,1
HIPOTECA,1
Da Habitação,1
Disposições Testamentárias,1
LIVRO III DO DIREITO DAS COISAS,1
Da Extinção do Contrato,1
Perderá,1
CAPÍTULO VII DA ANULAÇÃO DA PARTILHA,1
Suspensão,1
INDIVISÍVEIS,1
Da Suspensão,1
CAPÍTULO I DA POSSE E SUA,1
TÍTULO II DA TRANSMISSÃO DAS OBRIGAÇÕES,1
O PRESIDENTE DA REPÚBLICA Faço,1
Do Casamento,1
Da Indenização,1
Dos Defeitos do Negócio Jurídico,1
Sucessão,1
Seção IV Do,1
Do Título,1
Brasília,1
Aprecia,1
Herança,1
Dos Bens Singulares,1
Do Jogo,1
Aposta,1
Da Capacidade PARA O CASAMENTO,1
Tornando,1
Distrato,1
TÍTULO VIII DOS TÍTULOS DE CRÉDITO,1
SUBTÍTULO II DAS RELAÇÕES DE PARENTESCO,1
REGISTRO,1
CAPÍTULO IV DA IMPUTAÇÃO DO PAGAMENTO,1
Do Pagamento com Sub,1
Aluvião,1
Pagas,1
Do Regime de Separação,1
CAPÍTULO II DO,1
TESTAMENTÁRIAS,1
CAPÍTULO III DO RECONHECIMENTO DOS FILHOS,1
Cumpridas,1
Finda,1
CAPÍTULO III DA AQUISIÇÃO DA PROPRIEDADE,1
Da Coação,1
Filho,1
ROGAÇÃO,1
CAPÍTULO IV DA SOCIEDADE LIMITADA,1
Querendo,1
CAPÍTULO II DA EXTINÇÃO DO CONTRATO,1
TÍTULO ÚNICO,1
Inscrita,1
COLETIVO,1
Das Substituições,1
Seção II Daqueles,1
Prazos,1
CAPITULO I,1
CAPÍTULO III DAS OBRIGAÇÕES DE NÃO,1
Do Direito do Promitente Comprador,1
Da Transmissão,1
Decairá,1
Principal,1
IMPEDIMENTOS,1
USUFRUTO,1
Do Mútuo,1
LEGADOS,1
Da Venda,1
Subsistem,1
Do Mandato,1
Àquele,1
Obrigam,1
Das Perdas,1
CAPÍTULO IV DOS JUROS LEGAIS,1
Da Capacidade,1
Das Obrigações de Fazer,1
Do Uso,1
Seção II Da Solidariedade Ativa,1
CAPÍTULO XIII DA,1
Fazenda Pública,1
Das Deliberações,1
Dos Bens Divisíveis,1
Seção III Do Testamento Cerrado,1
CAPÍTULO XI DA REDUÇÃO DAS DISPOSIÇÕES,1
Da Locação de Coisas,1
Ministério Público do Estado,1
TESTAMENTO,1
TÍTULO IV DO INADIMPLEMENTO DAS OBRIGAÇÕES,1
Contestada,1
Aprovados,1
CAPÍTULO XIII DO ROMPIMENTO DO TESTAMENTO,1
Da Tradição,1
Dolo,1
LIVRO COMPLEMENTAR,1
Cessam,1
XII,1
CAPÍTULO XV,1
Deverão,1
Da Prestação de Serviço,1
Disporá,1
FUNDAÇÕES,1
Do Regime de Comunhão Parcial,1
CAPÍTULO IV DO REGIME DE COMUNHÃO,1
CAPÍTULO XX,1
Este Código,1
Da Redução,1
Gerente,1
CAPÍTULO IX DA EFICÁCIA DO CASAMENTO,1
DA SUCESSÃO TESTAMENTÁRIA,1
Aqüestos,1
Subseção IV Do Álveo Abandonado,1
CLASSIFICAÇÃO,1
Da Mora,1
CAPÍTULO I DA CARACTERIZAÇÃO E DA,1
Das Servidões,1
Seção II Dos Bens Móveis,1
Dos Títulos de Crédito,1
Do Contrato Social,1
Do Álveo Abandonado,1
TRANSITÓRIAS,1
TÍTULO I DAS MODALIDADES DAS OBRIGAÇÕES,1
PARA O CASAMENTO,1
Apresentados,1
Presidência,1
Dos Prazos,1
LIVRO COMPLEMENTAR DAS DISPOSIÇÕES FINAIS E,1
Feita,1
Das Quotas,1
Justificada,1
PERSONALIDADE,1
Rogação,1
Seção II Do Testamento Marítimo,1
Renúncia,1
Seção IX Do Penhor Legal,1
PARCIAL,1
LIVRO III DOS FATOS JURÍDICOS,1
Do Comodato,1
Da Capacidade de Testar,1
Perdurando,1
CAPÍTULO VIII DAS SOCIEDADES COLIGADAS,1
Seção V Do Mandato Judicial,1
Deteriorada,1
Dos Bens Imóveis,1
Verificando,1
Bolsa de Valores,1
CAPÍTULO III DO REGIME DE COMUNHÃO,1
Da Anticrese,1
Do Penhor Rural,1
Da Curadoria,1
TITULO III,1
TÍTULO III DO ADIMPLEMENTO E EXTINÇÃO,1
Da Liquidação,1
CAPÍTULO V DA CLÁUSULA PENAL,1
CAPÍTULO VI DAS DISPOSIÇÕES TESTAMENTÁRIAS,1
Domicílio,1
DA UNIÃO ESTÁVEL,1
Do Testamento Militar,1
CAPÍTULO VII DO CONDOMÍNIO EDILÍCIO,1
Encargo,1
Do Transporte,1
Seção II Da Cláusula Resolutiva,1
Seção II Da Substituição Fideicomissária,1
Renumerado,1
Escusa,1
Da Celebração do Casamento,1
CAPÍTULO II DA GESTÃO DE NEGÓCIOS,1
TÍTULO VII DO,1
CAPÍTULO II DO EXERCÍCIO DAS SERVIDÕES,1
Regressando,1
Subseção I Das,1
Da Filiação,1
TÍTULO V DA,1
CONDIÇÃO,1
CAPÍTULO V DAS OBRIGAÇÕES DIVISÍVEIS E,1
Cisão,1
O Ministério Público,1
Dos Atos Jurídicos,1
DAS Disposições Finais,1
Do Empresário,1
CAPÍTULO VI DAS OBRIGAÇÕES SOLIDÁRIAS,1
Dos Vícios Redibitórios,1
Permuta,1
Realizado,1
TÍTULO III Do,1
Da Sociedade em Comandita,1
Incorporação,1
Da Compra,1
Das Cláusulas Especiais,1
Da Gestão de Negócios,1
Do Uso Anormal,1
Dos Fatos Jurídicos,1
Do Pacto Antenupcial,1
CAPÍTULO IV DA ACEITAÇÃO E RENÚNCIA,1
Da Doação,1
Rompe,1
ASSOCIAÇÕES,1
CAPÍTULO V DO PROCESSO DE HABILITAÇÃO,1
TÍTULO IV DA TUTELA E DA,1
Da Lesão,1
CAPÍTULO IX DA LIQUIDAÇÃO DA SOCIEDADE,1
No Diário,1
CAPÍTULO VI DO,1
TÍTULO V DOS CONTRATOS EM GERAL,1
Das Preferências,1
Anulados,1
CAPÍTULO III DOS BENS PÚBLICOS,1
Nascendo,1
Dos Legados,1
Efetuado,1
Fusão,1
Construções,1
Correrão,1
Do Pagamento Indevido,1
Do Compromisso,1
Obtida,1
Descoberta,1
COLAÇÃO,1
Da Sucessão Definitiva,1
Do Direito Patrimonial,1
TÍTULO V DAS,1
Do Domicílio,1
Da Dação em Pagamento,1
Convocará,1
Purga,1
CAPÍTULO III DOS DEVERES DO USUFRUTUÁRIO,1
Legatários,1
Reconhecido,1
Das Ilhas,1
Da Colação,1
Falindo,1
Vide Decreto,1
ESCRITURAÇÃO,1
CAPÍTULO VII DA,1
TÍTULO IV DO INVENTÁRIO E DA,1
TÍTULO I DO DIREITO PESSOAL,1
SUBTÍTULO I DO REGIME DE BENS,1
LIVRO I DAS,1
ENTRE OS CÔNJUGES,1
MORA,1
ADMINISTRAÇÃO DOS BENS DE FILHOS MENORES,1
CAPÍTULO XI DA SOCIEDADE DEPENDENTE DE,1
Seção III Das,1
Águas,1
SEGURO,1
DO NOME EMPRESARIAL,1
Dos Testamentos Especiais,1
De Quem Deve,1
TÍTULO VII DOS ATOS UNILATERAIS,1
Do Testamenteiro,1
FINAL NOS AQÜESTOS,1
CAPÍTULO I DA PROMESSA DE RECOMPENSA,1
CAPÍTULO XIX,1
CAPÍTULO VII DA PRESTAÇÃO DE SERVIÇO,1
Seção Única,1
Bens Considerados em Si Mesmos,1
Do Rompimento do Testamento,1
CAPÍTULO XI DA,1
Do Depósito Necessário,1
Ineficaz,1
CAPÍTULO II DA SOCIEDADE EM NOME,1
Subentende,1
LIVRO IV DO DIREITO DE FAMÍLIA,1
Da Revogação do Testamento,1
Ordem,1
Da Fraude Contra,1
Restringir,1
Subordinando,1
TÍTULO III DA,1
Desembarcadas,1
CAPÍTULO II DOS HERDEIROS NECESSÁRIOS,1
TÍTULO III DO,1
Do Adimplemento,1
Cessação,1
Do Direito de Acrescer,1
Da Venda Sobre,1
Cobradas,1
Pronunciada,1
Personificada,1
Concluído,1
Convertendo,1
Concluída,1
DO TERMO E DO ENCARGO,1
Do Bem de Família,1
Resolvendo,1
Jurídicos,1
TÍTULO VI DO,1
CAPÍTULO II DOS DIREITOS DA PERSONALIDADE,1
Avulsão,1
LIVRO V,1
FIANÇA,1
Lesão,1
Cessando,1
Dos Bens Públicos,1
Empossados,1
Dos Atos Unilaterais,1
Seção Única Da,1
Das Arras,1
Da Aluvião,1
Do Depósito Voluntário,1
Do Direito de Empresa,1
Seção III Do Testamento Militar,1
Do Aumento,1
Celebram,1
CAPÍTULO XVIII DA,1
Subseção V Da Venda Sobre Documentos,1
Velará,1
TÍTULO II DAS PESSOAS JURÍDICAS,1
Evicção,1
Faculta,1
CAPÍTULO VI DO CONDOMÍNIO GERAL,1
Reputa,1
CAPÍTULO III DA EXTINÇÃO DAS SERVIDÕES,1
Legado,1
Retrovenda,1
Juiz,1
Dos Direitos do Usufrutuário,1
Seção I Do Depósito Voluntário,1
Do Condomínio Edilício,1
CAPÍTULO II DA CAPACIDADE DE TESTAR,1
Das Obrigações de Não Fazer,1
DA NOVAÇÃO,1
CORRETAGEM,1
CAPÍTULO IV DA PERDA DA POSSE,1
DAS ASSOCIAÇÕES,1
MANDATO,1
Da Revogação,1
CAPÍTULO V DA INVALIDADE DO NEGÓCIO,1
CAPÍTULO VIII DO DIREITO DE ACRESCER,1
PROVA,1
Sucessões,1
Legalização de Empresas,1
Medida Provisória,1
Legitimam,1
CAPÍTULO V DOS EXCLUÍDOS DA SUCESSÃO,1
CONJUGAL,1
CAPÍTULO I DOS BENS CONSIDERADOS EM,1
Do Reconhecimento,1
Dos Sonegados,1
CAPÍTULO VII DA SOCIEDADE COOPERATIVA,1
DO SEGURO,1
INSCRIÇÃO,1
SUBTÍTULO IV DO BEM DE FAMÍLIA,1
Da Hipoteca Legal,1
NOVAÇÃO,1
O Poder Executivo,1
Morto,1
Conferido,1
Formação,1
Da Empreitada,1
TRANSPORTE,1
Da Cessão de Crédito,1
Da Herança Jacente,1
Ficará,1
DAS OBRIGAÇÕES DE,1
Do Contrato Preliminar,1
Cientificado,1
Do Direito de Representação,1
SUBTÍTULO II DO USUFRUTO E DA,1
SUA ADMINISTRAÇÃO,1
DA PERSONALIDADE E DA CAPACIDADE,1
Dos Juros Legais,1
Credores,1
Vide ADIN,1
Da Deserdação,1
Do Condomínio Necessário,1
CAPÍTULO XVII DO JOGO E DA,1
Seção I Do Condomínio Voluntário,1
DOS DIREITOS DA,1
Inscrição,1
Ocorrida,1
Da Sociedade Nacional,1
Interrompendo,1
COMISSÃO,1
Seção II Das Cláusulas Especiais,1
Compreende,1
DOU,1
Seção II Da Hipoteca Legal,1
Da Agência,1
Do Penhor Legal,1
Seção II Do Testamento Público,1
Do Estabelecimento,1
LIVRO II DO DIREITO DE EMPRESA,1
Da Sociedade Estrangeira,1
LIVRO V DO DIREITO DAS SUCESSÕES,1
Ministério Público Federal,1
CAPÍTULO II DA AQUISIÇÃO DA PROPRIEDADE,1
Aumento,1
TÍTULO III DA UNIÃO ESTÁVEL,1
Propriedade Imóvel,1
Quinhões Hereditários,1
Ofício,1
CAPÍTULO VIII DA PROPRIEDADE RESOLÚVEL,1
DA HERANÇA,1
TÍTULO I DO NEGÓCIO JURÍDICO,1
Da Sociedade,1
Cônjuges,1
Especificação,1
Livro II,1
Da Substituição Fideicomissária,1
Subtítulo,1
Da Remissão,1
CAPÍTULO II DA AQUISIÇÃO DA POSSE,1
Recusando,1
DAS FUNDAÇÕES,1
Ações,1
CODICILOS,1
Dos Direitos de Vizinhança,1
Do Testamento Público,1
Das Disposições Testamentárias,1
Da Imputação do Pagamento,1
CAPÍTULO XX DO,1
Do Regime de Comunhão Universal,1
Subseção II Do Penhor Agrícola,1
FERNANDO HENRIQUE CARDOSO,1
LIVRO II DOS,1
Aprovadas,1
DAS PESSOAS JURÍDICAS,1
MÓVEL,1
Dos Contratos Aleatórios,1
Das Relações de Parentesco,1
Tomado,1
Da Retrovenda,1
Proíbem,1
Decadência,1
Propriedade Móvel,1
Tradição,1
Assumindo,1
CAPÍTULO V DOS TESTAMENTOS ESPECIAIS,1
Da Sucessão em Geral,1
Do Poder FAMILIAR,1
CAPÍTULO IV DOS,1
Do Distrato,1
Complementar,1
TÍTULO VI DAS VÁRIAS ESPÉCIES DE,1
Confusão,1
Seção IV Dos,1
Terão,1
Entende,1
CAPÍTULO VIII DA INVALIDADE DO CASAMENTO,1
Dada,1
TÍTULO I DA,1
Do Empréstimo,1
CAPÍTULO III DAS,1
Da Solidariedade Ativa,1
Operando,1
INDENIZAÇÃO,1
TÍTULO I DO,1
Da Partilha,1
Reputar,1
Farão,1
TRANSAÇÃO,1
Revogam,1
CAPÍTULO II DA TROCA OU PERMUTA,1
Das Obrigações Divisíveis,1
Subseção I Dos,1
DE JANEIRO DE,1
CAPÍTULO VI DA SOCIEDADE EM COMANDITA,1
Do Penhor Pecuário,1
Do Penhor Agrícola,1
Mútuo,1
CAPÍTULO I DA COMPRA E VENDA,1
Da Passagem Forçada,1
CAPÍTULO XVI DA CONSTITUIÇÃO DE RENDA,1
ENTRE HERDEIROS E,1
USO,1
CAPÍTULO VII DOS,1
TÍTULO II DA SUCESSÃO LEGÍTIMA,1
Do Testamento Cerrado,1
DA FUSÃO E DA CISÃO DAS,1
Subchefia para Assuntos,1
APOSTA,1
Da Sociedade Simples,1
Estipulada,1
Seção VIII Do Contrato Preliminar,1
Da Sociedade em Nome Coletivo,1
Da Vocação Hereditária,1
CAPÍTULO I DA CONSTITUIÇÃO DAS SERVIDÕES,1
Da Invalidade do Casamento,1
CAPÍTULO VI DA HERANÇA JACENTE,1
Lícitos,1
Contribuir,1
Congresso Nacional,1
Demandado,1
ANTICRESE,1
Herdeiros,1
Da Evicção,1
Cessará,1
Da Sociedade Não,1
Comprovada,1
Da Sucessão Provisória,1
ADOÇÃO,1
Expedido,1
DOS FILHOS,1
TÍTULO IX DO DIREITO DO PROMITENTE,1
Vigora,1
Diminuído,1
CAPÍTULO V DA DAÇÃO EM PAGAMENTO,1
Julgada,1
CREDITÓRIOS,1
Pago,1
Goza,1
Do Título Nominativo,1
Julgado,1
TÍTULO II DO DIREITO PATRIMONIAL,1
Presentes,1
Da Substituição Vulgar,1
Da Sociedade Cooperativa,1
Apesar,1
Subseção I Disposições,1
SUBTÍTULO I DA SOCIEDADE NÃO PERSONIFICADA,1
AUSÊNCIA,1
Do Processo de Habilitação PARA,1
Incorpora,1
Praticado,1
Contabilista,1
TESTAMENTEIRO,1
SIMPLES,1
CAPITULO I DO TESTAMENTO EM GERAL,1
